grid,column,row,Northness,Vege_heig_max,Soil_moist_4_final,Soil_temp_4_adj,,,,,,,,,,,,,,,,,,,,,,,,,,,,,,,,
1,A,1,0.77,26,26.05806466,14.28611111,,,,,,,,,,,,,,,,,,,,,,,,,,,,,,,,
1,B,1,0.94,26,23.46625015,14.97503472,,,,,,,,,,,,,,,,,,,,,,,,,,,,,,,,
1,C,1,0.94,27,30.47443564,15.96395833,,,,,,,,,,,,,,,,,,,,,,,,,,,,,,,,
1,D,1,0.94,23,35.88262114,15.85288194,,,,,,,,,,,,,,,,,,,,,,,,,,,,,,,,
1,E,1,0.94,25,34.09080663,15.74180556,,,,,,,,,,,,,,,,,,,,,,,,,,,,,,,,
1,F,1,0.94,32,26.09899212,15.63072917,,,,,,,,,,,,,,,,,,,,,,,,,,,,,,,,
1,G,1,0.94,22,25.10717761,15.71965278,,,,,,,,,,,,,,,,,,,,,,,,,,,,,,,,
1,H,1,0.82,33,26.7153631,15.30857639,,,,,,,,,,,,,,,,,,,,,,,,,,,,,,,,
1,A,2,0.94,23,29.52354859,15.7975,,,,,,,,,,,,,,,,,,,,,,,,,,,,,,,,
1,B,2,0.98,20,23.63173408,16.18642361,,,,,,,,,,,,,,,,,,,,,,,,,,,,,,,,
1,C,2,0.97,26,31.43991958,15.97534722,,,,,,,,,,,,,,,,,,,,,,,,,,,,,,,,
1,D,2,0.98,22,29.44810507,15.36427083,,,,,,,,,,,,,,,,,,,,,,,,,,,,,,,,
1,E,2,1,32,23.65629056,15.15319444,,,,,,,,,,,,,,,,,,,,,,,,,,,,,,,,
1,F,2,0.97,26,23.96447605,15.14211806,,,,,,,,,,,,,,,,,,,,,,,,,,,,,,,,
1,G,2,0.94,33,23.87266154,15.63104167,,,,,,,,,,,,,,,,,,,,,,,,,,,,,,,,
1,H,2,0.91,19,27.48084703,14.91996528,,,,,,,,,,,,,,,,,,,,,,,,,,,,,,,,
1,A,3,0.87,30,23.68903252,15.60888889,,,,,,,,,,,,,,,,,,,,,,,,,,,,,,,,
1,B,3,0.82,21,18.79721802,15.0978125,,,,,,,,,,,,,,,,,,,,,,,,,,,,,,,,
1,C,3,0.77,26,19.80540351,15.78673611,,,,,,,,,,,,,,,,,,,,,,,,,,,,,,,,
1,D,3,0.82,24,25.713589,15.27565972,,,,,,,,,,,,,,,,,,,,,,,,,,,,,,,,
1,E,3,0.91,27,28.72177449,15.36458333,,,,,,,,,,,,,,,,,,,,,,,,,,,,,,,,
1,F,3,0.94,31,25.52995998,15.65350694,,,,,,,,,,,,,,,,,,,,,,,,,,,,,,,,
1,G,3,0.94,33,20.33814547,15.84243056,,,,,,,,,,,,,,,,,,,,,,,,,,,,,,,,
1,H,3,0.82,25,26.94633096,15.33135417,,,,,,,,,,,,,,,,,,,,,,,,,,,,,,,,
1,A,4,0.82,26,26.05451646,15.82027778,,,,,,,,,,,,,,,,,,,,,,,,,,,,,,,,
1,B,4,0.87,35,25.26270195,15.90920139,,,,,,,,,,,,,,,,,,,,,,,,,,,,,,,,
1,C,4,0.91,24,27.07088744,15.898125,,,,,,,,,,,,,,,,,,,,,,,,,,,,,,,,
1,D,4,0.87,28,27.47907293,15.48704861,,,,,,,,,,,,,,,,,,,,,,,,,,,,,,,,
1,E,4,0.91,31,26.48725842,15.87597222,,,,,,,,,,,,,,,,,,,,,,,,,,,,,,,,
1,F,4,0.71,26,20.39544391,15.16489583,,,,,,,,,,,,,,,,,,,,,,,,,,,,,,,,
1,G,4,0.77,22,20.4036294,15.05381944,,,,,,,,,,,,,,,,,,,,,,,,,,,,,,,,
1,H,4,0.94,23,35.3118149,15.54274306,,,,,,,,,,,,,,,,,,,,,,,,,,,,,,,,
1,A,5,0.91,28,24.02000039,15.23166667,,,,,,,,,,,,,,,,,,,,,,,,,,,,,,,,
1,B,5,0.97,20,19.92818588,14.72059028,,,,,,,,,,,,,,,,,,,,,,,,,,,,,,,,
1,C,5,0.94,26,20.43637137,15.40951389,,,,,,,,,,,,,,,,,,,,,,,,,,,,,,,,
1,D,5,0.91,22,21.84455686,15.7984375,,,,,,,,,,,,,,,,,,,,,,,,,,,,,,,,
1,E,5,0.91,25,24.35274235,15.68736111,,,,,,,,,,,,,,,,,,,,,,,,,,,,,,,,
1,F,5,0.87,27,20.16092784,15.47628472,,,,,,,,,,,,,,,,,,,,,,,,,,,,,,,,
1,G,5,0.87,20,17.96911334,15.36520833,,,,,,,,,,,,,,,,,,,,,,,,,,,,,,,,
1,H,5,0.82,20,14.27729883,15.25413194,,,,,,,,,,,,,,,,,,,,,,,,,,,,,,,,
1,A,6,0.82,24,21.78548432,15.84305556,,,,,,,,,,,,,,,,,,,,,,,,,,,,,,,,
1,B,6,0.77,24,22.29366981,15.73197917,,,,,,,,,,,,,,,,,,,,,,,,,,,,,,,,
1,C,6,0.82,22,22.3018553,14.92090278,,,,,,,,,,,,,,,,,,,,,,,,,,,,,,,,
1,D,6,0.87,20,25.21004079,15.20982639,,,,,,,,,,,,,,,,,,,,,,,,,,,,,,,,
1,E,6,0.87,20,22.61822628,15.19875,,,,,,,,,,,,,,,,,,,,,,,,,,,,,,,,
1,F,6,0.82,22,19.82641178,15.38767361,,,,,,,,,,,,,,,,,,,,,,,,,,,,,,,,
1,G,6,0.87,21,20.53459727,14.97659722,,,,,,,,,,,,,,,,,,,,,,,,,,,,,,,,
1,H,6,0.91,21,11.04278276,15.16552083,,,,,,,,,,,,,,,,,,,,,,,,,,,,,,,,
1,A,7,0.87,25,25.65096825,15.75444444,,,,,,,,,,,,,,,,,,,,,,,,,,,,,,,,
1,B,7,0.82,23,26.75915374,15.64336806,,,,,,,,,,,,,,,,,,,,,,,,,,,,,,,,
1,C,7,0.82,22,25.46733923,15.43229167,,,,,,,,,,,,,,,,,,,,,,,,,,,,,,,,
1,D,7,0.97,19,20.27552472,15.52121528,,,,,,,,,,,,,,,,,,,,,,,,,,,,,,,,
1,E,7,0.94,18,21.38371022,15.31013889,,,,,,,,,,,,,,,,,,,,,,,,,,,,,,,,
1,F,7,0.91,22,17.99189571,15.1990625,,,,,,,,,,,,,,,,,,,,,,,,,,,,,,,,
1,G,7,0.77,25,16.8000812,15.28798611,,,,,,,,,,,,,,,,,,,,,,,,,,,,,,,,
1,H,7,0.87,21,17.20826669,14.87690972,,,,,,,,,,,,,,,,,,,,,,,,,,,,,,,,
1,A,8,0.94,29,35.21645218,15.16583333,,,,,,,,,,,,,,,,,,,,,,,,,,,,,,,,
1,B,8,0.97,20,28.62463767,14.75475694,,,,,,,,,,,,,,,,,,,,,,,,,,,,,,,,
1,C,8,0.94,15,28.83282316,14.74368056,,,,,,,,,,,,,,,,,,,,,,,,,,,,,,,,
1,D,8,0.94,19,NA,NA,,,,,,,,,,,,,,,,,,,,,,,,,,,,,,,,
1,E,8,0.98,12,22.44919415,15.12152778,,,,,,,,,,,,,,,,,,,,,,,,,,,,,,,,
1,F,8,0.98,24,19.15737964,15.41045139,,,,,,,,,,,,,,,,,,,,,,,,,,,,,,,,
1,G,8,0.87,21,19.36556513,15.899375,,,,,,,,,,,,,,,,,,,,,,,,,,,,,,,,
1,H,8,0.91,17,23.27375062,15.58829861,,,,,,,,,,,,,,,,,,,,,,,,,,,,,,,,
1,A,9,1,10,37.08193611,15.97722222,,,,,,,,,,,,,,,,,,,,,,,,,,,,,,,,
1,B,9,1,14,40.2901216,15.36614583,,,,,,,,,,,,,,,,,,,,,,,,,,,,,,,,
1,C,9,1,2,NA,NA,,,,,,,,,,,,,,,,,,,,,,,,,,,,,,,,
1,D,9,1,9,34.40649259,14.74399306,,,,,,,,,,,,,,,,,,,,,,,,,,,,,,,,
1,E,9,0.98,14,27.61467808,15.03291667,,,,,,,,,,,,,,,,,,,,,,,,,,,,,,,,
1,F,9,1,27,24.12286357,15.82184028,,,,,,,,,,,,,,,,,,,,,,,,,,,,,,,,
1,G,9,0.98,29,24.13104906,15.51076389,,,,,,,,,,,,,,,,,,,,,,,,,,,,,,,,
1,H,9,1,13,29.13923455,15.2996875,,,,,,,,,,,,,,,,,,,,,,,,,,,,,,,,
1,A,10,0.57,20,33.84742004,15.68861111,,,,,,,,,,,,,,,,,,,,,,,,,,,,,,,,
1,B,10,0.26,23,37.95560554,15.07753472,,,,,,,,,,,,,,,,,,,,,,,,,,,,,,,,
1,C,10,0.17,11,31.26379103,14.86645833,,,,,,,,,,,,,,,,,,,,,,,,,,,,,,,,
1,D,10,0.17,7,30.57197652,14.75538194,,,,,,,,,,,,,,,,,,,,,,,,,,,,,,,,
1,E,10,0.26,8,27.78016201,14.54430556,,,,,,,,,,,,,,,,,,,,,,,,,,,,,,,,
1,F,10,0.26,17,23.5883475,14.23322917,,,,,,,,,,,,,,,,,,,,,,,,,,,,,,,,
1,G,10,0.17,20,24.49653299,14.12215278,,,,,,,,,,,,,,,,,,,,,,,,,,,,,,,,
1,H,10,0.17,17,22.30471848,13.91107639,,,,,,,,,,,,,,,,,,,,,,,,,,,,,,,,
1,A,11,1,19,34.21290398,15.9,,,,,,,,,,,,,,,,,,,,,,,,,,,,,,,,
1,B,11,1,19,36.02108947,15.68892361,,,,,,,,,,,,,,,,,,,,,,,,,,,,,,,,
1,C,11,1,12,30.52927496,14.77784722,,,,,,,,,,,,,,,,,,,,,,,,,,,,,,,,
1,D,11,0.26,6,22.83746045,14.26677083,,,,,,,,,,,,,,,,,,,,,,,,,,,,,,,,
1,E,11,0.42,3,15.84564594,13.65569444,,,,,,,,,,,,,,,,,,,,,,,,,,,,,,,,
1,F,11,0.77,12,18.35383143,14.04461806,,,,,,,,,,,,,,,,,,,,,,,,,,,,,,,,
1,G,11,0.42,15,16.56201692,14.53354167,,,,,,,,,,,,,,,,,,,,,,,,,,,,,,,,
1,H,11,0.09,18,16.27020241,14.92246528,,,,,,,,,,,,,,,,,,,,,,,,,,,,,,,,
1,A,12,0.5,21,29.87838791,14.01138889,,,,,,,,,,,,,,,,,,,,,,,,,,,,,,,,
1,B,12,0.42,21,37.3865734,14.2003125,,,,,,,,,,,,,,,,,,,,,,,,,,,,,,,,
1,C,12,0.34,17,NA,NA,,,,,,,,,,,,,,,,,,,,,,,,,,,,,,,,
1,D,12,0.17,0,NA,NA,,,,,,,,,,,,,,,,,,,,,,,,,,,,,,,,
1,E,12,0.17,33,NA,NA,,,,,,,,,,,,,,,,,,,,,,,,,,,,,,,,
1,F,12,0.71,22,17.51931536,15.15600694,,,,,,,,,,,,,,,,,,,,,,,,,,,,,,,,
1,G,12,0.26,15,15.52750085,15.14493056,,,,,,,,,,,,,,,,,,,,,,,,,,,,,,,,
1,H,12,0.09,24,17.03568635,14.73385417,,,,,,,,,,,,,,,,,,,,,,,,,,,,,,,,
1,A,13,0.17,21,24.84387184,15.02277778,,,,,,,,,,,,,,,,,,,,,,,,,,,,,,,,
1,B,13,0.09,29,31.45205733,15.21170139,,,,,,,,,,,,,,,,,,,,,,,,,,,,,,,,
1,C,13,0,21,32.26024282,14.700625,,,,,,,,,,,,,,,,,,,,,,,,,,,,,,,,
1,D,13,0,18,21.26842831,14.78954861,,,,,,,,,,,,,,,,,,,,,,,,,,,,,,,,
1,E,13,0.09,55,19.3766138,14.27847222,,,,,,,,,,,,,,,,,,,,,,,,,,,,,,,,
1,F,13,0.26,45,21.98479929,15.36739583,,,,,,,,,,,,,,,,,,,,,,,,,,,,,,,,
1,G,13,0.26,24,20.99298479,14.45631944,,,,,,,,,,,,,,,,,,,,,,,,,,,,,,,,
1,H,13,0.26,31,28.40117028,15.44524306,,,,,,,,,,,,,,,,,,,,,,,,,,,,,,,,
1,A,14,0.26,13,23.60935577,15.03416667,,,,,,,,,,,,,,,,,,,,,,,,,,,,,,,,
1,B,14,0.34,15,29.01754126,14.52309028,,,,,,,,,,,,,,,,,,,,,,,,,,,,,,,,
1,C,14,0.34,14,27.92572675,13.91201389,,,,,,,,,,,,,,,,,,,,,,,,,,,,,,,,
1,D,14,0.5,0,NA,NA,,,,,,,,,,,,,,,,,,,,,,,,,,,,,,,,
1,E,14,0.97,23,22.14209773,13.98986111,,,,,,,,,,,,,,,,,,,,,,,,,,,,,,,,
1,F,14,0.34,17,22.65028323,14.67878472,,,,,,,,,,,,,,,,,,,,,,,,,,,,,,,,
1,G,14,0.87,26,25.85846872,15.06770833,,,,,,,,,,,,,,,,,,,,,,,,,,,,,,,,
1,H,14,0.5,20,32.86665421,15.35663194,,,,,,,,,,,,,,,,,,,,,,,,,,,,,,,,
1,A,15,0.17,18,33.2748397,14.64555556,,,,,,,,,,,,,,,,,,,,,,,,,,,,,,,,
1,B,15,0.42,15,25.98302519,14.93447917,,,,,,,,,,,,,,,,,,,,,,,,,,,,,,,,
1,C,15,0.42,3,24.79121068,14.72340278,,,,,,,,,,,,,,,,,,,,,,,,,,,,,,,,
1,D,15,0.87,53,NA,NA,,,,,,,,,,,,,,,,,,,,,,,,,,,,,,,,
1,E,15,0.26,19,27.50758167,14.50125,,,,,,,,,,,,,,,,,,,,,,,,,,,,,,,,
1,F,15,0.34,24,25.71576716,15.19017361,,,,,,,,,,,,,,,,,,,,,,,,,,,,,,,,
1,G,15,0.34,23,22.62395265,14.27909722,,,,,,,,,,,,,,,,,,,,,,,,,,,,,,,,
1,H,15,0.26,24,19.63213814,15.06802083,,,,,,,,,,,,,,,,,,,,,,,,,,,,,,,,
1,A,16,0.94,17,NA,NA,,,,,,,,,,,,,,,,,,,,,,,,,,,,,,,,
1,B,16,0.26,23,NA,NA,,,,,,,,,,,,,,,,,,,,,,,,,,,,,,,,
1,C,16,0.17,26,22.95669461,15.43479167,,,,,,,,,,,,,,,,,,,,,,,,,,,,,,,,
1,D,16,0.26,28,25.26488011,15.42371528,,,,,,,,,,,,,,,,,,,,,,,,,,,,,,,,
1,E,16,0.34,30,22.3730656,15.41263889,,,,,,,,,,,,,,,,,,,,,,,,,,,,,,,,
1,F,16,0.17,31,28.68125109,15.2015625,,,,,,,,,,,,,,,,,,,,,,,,,,,,,,,,
1,G,16,0.34,21,29.48943658,14.89048611,,,,,,,,,,,,,,,,,,,,,,,,,,,,,,,,
1,H,16,0.5,41,29.79762207,14.97940972,,,,,,,,,,,,,,,,,,,,,,,,,,,,,,,,
1,A,17,0.94,0,27.90580756,15.76833333,,,,,,,,,,,,,,,,,,,,,,,,,,,,,,,,
1,B,17,0.26,21,NA,NA,,,,,,,,,,,,,,,,,,,,,,,,,,,,,,,,
1,C,17,0.17,20,NA,NA,,,,,,,,,,,,,,,,,,,,,,,,,,,,,,,,
1,D,17,0.26,17,23.33036404,14.33510417,,,,,,,,,,,,,,,,,,,,,,,,,,,,,,,,
1,E,17,0.34,27,25.83854953,14.72402778,,,,,,,,,,,,,,,,,,,,,,,,,,,,,,,,
1,F,17,0.17,40,29.14673502,15.21295139,,,,,,,,,,,,,,,,,,,,,,,,,,,,,,,,
1,G,17,0.34,40,26.35492051,14.601875,,,,,,,,,,,,,,,,,,,,,,,,,,,,,,,,
1,H,17,0.5,27,27.963106,15.69079861,,,,,,,,,,,,,,,,,,,,,,,,,,,,,,,,
1,A,18,0.26,15,NA,NA,,,,,,,,,,,,,,,,,,,,,,,,,,,,,,,,
1,B,18,0.09,4,NA,NA,,,,,,,,,,,,,,,,,,,,,,,,,,,,,,,,
1,C,18,0.34,15,26.38766248,14.35756944,,,,,,,,,,,,,,,,,,,,,,,,,,,,,,,,
1,D,18,0,20,27.69584797,14.94649306,,,,,,,,,,,,,,,,,,,,,,,,,,,,,,,,
1,E,18,0.34,23,29.50403346,15.13541667,,,,,,,,,,,,,,,,,,,,,,,,,,,,,,,,
1,F,18,0.26,24,29.31221895,15.32434028,,,,,,,,,,,,,,,,,,,,,,,,,,,,,,,,
1,G,18,0,34,24.42040444,15.61326389,,,,,,,,,,,,,,,,,,,,,,,,,,,,,,,,
1,H,18,0,44,21.12858993,16.5021875,,,,,,,,,,,,,,,,,,,,,,,,,,,,,,,,
1,A,19,0.34,60,20.63677543,15.39111111,,,,,,,,,,,,,,,,,,,,,,,,,,,,,,,,
1,B,19,0.34,53,21.64496092,16.08003472,,,,,,,,,,,,,,,,,,,,,,,,,,,,,,,,
1,C,19,0.09,19,26.55314641,15.96895833,,,,,,,,,,,,,,,,,,,,,,,,,,,,,,,,
1,D,19,0.09,19,16.9613319,15.15788194,,,,,,,,,,,,,,,,,,,,,,,,,,,,,,,,
1,E,19,0.09,19,22.36951739,15.94680556,,,,,,,,,,,,,,,,,,,,,,,,,,,,,,,,
1,F,19,0,41,27.67770288,14.93572917,,,,,,,,,,,,,,,,,,,,,,,,,,,,,,,,
1,G,19,0.34,20,18.28588837,14.52465278,,,,,,,,,,,,,,,,,,,,,,,,,,,,,,,,
1,H,19,0.34,17,24.39407387,13.81357639,,,,,,,,,,,,,,,,,,,,,,,,,,,,,,,,
1,A,20,0.5,51,9.502259357,15.4025,,,,,,,,,,,,,,,,,,,,,,,,,,,,,,,,
1,B,20,0.26,52,11.31044485,14.59142361,,,,,,,,,,,,,,,,,,,,,,,,,,,,,,,,
1,C,20,0.17,25,19.81863034,15.48034722,,,,,,,,,,,,,,,,,,,,,,,,,,,,,,,,
1,D,20,0.09,21,16.32681583,15.36927083,,,,,,,,,,,,,,,,,,,,,,,,,,,,,,,,
1,E,20,0.17,40,9.935001323,14.15819444,,,,,,,,,,,,,,,,,,,,,,,,,,,,,,,,
1,F,20,0,19,10.14318681,15.04711806,,,,,,,,,,,,,,,,,,,,,,,,,,,,,,,,
1,G,20,0.09,20,25.75137231,15.03604167,,,,,,,,,,,,,,,,,,,,,,,,,,,,,,,,
1,H,20,0.26,44,23.96774329,14.31388889,,,,,,,,,,,,,,,,,,,,,,,,,,,,,,,,
2,A,1,-0.71,33,28.49355124,13.11388889,,,,,,,,,,,,,,,,,,,,,,,,,,,,,,,,
2,B,1,-0.77,42,24.60413593,12.03628472,,,,,,,,,,,,,,,,,,,,,,,,,,,,,,,,
2,C,1,-0.87,24,18.41472061,12.33368056,,,,,,,,,,,,,,,,,,,,,,,,,,,,,,,,
2,D,1,-0.77,21,22.6253053,12.13107639,,,,,,,,,,,,,,,,,,,,,,,,,,,,,,,,
2,E,1,-0.77,30,14.13588999,12.12847222,,,,,,,,,,,,,,,,,,,,,,,,,,,,,,,,
2,F,1,-0.82,28,21.64647467,12.52586806,,,,,,,,,,,,,,,,,,,,,,,,,,,,,,,,
2,G,1,-0.64,24,16.05705936,12.52326389,,,,,,,,,,,,,,,,,,,,,,,,,,,,,,,,
2,H,1,-0.57,30,17.56764405,12.12065972,,,,,,,,,,,,,,,,,,,,,,,,,,,,,,,,
2,A,2,-0.64,42,36.47822874,13.21805556,,,,,,,,,,,,,,,,,,,,,,,,,,,,,,,,
2,B,2,-0.64,25,30.98881342,11.71545139,,,,,,,,,,,,,,,,,,,,,,,,,,,,,,,,
2,C,2,-0.64,24,21.09939811,11.41284722,,,,,,,,,,,,,,,,,,,,,,,,,,,,,,,,
2,D,2,-0.71,26,22.9099828,15.01024306,,,,,,,,,,,,,,,,,,,,,,,,,,,,,,,,
2,E,2,-0.87,37,17.52056748,12.20763889,,,,,,,,,,,,,,,,,,,,,,,,,,,,,,,,
2,F,2,-0.91,29,16.53115217,12.20503472,,,,,,,,,,,,,,,,,,,,,,,,,,,,,,,,
2,G,2,-0.91,24,20.94173686,12.10243056,,,,,,,,,,,,,,,,,,,,,,,,,,,,,,,,
2,H,2,-0.87,33,13.95232155,12.59982639,,,,,,,,,,,,,,,,,,,,,,,,,,,,,,,,
2,A,3,-0.64,31,25.26290623,12.49722222,,,,,,,,,,,,,,,,,,,,,,,,,,,,,,,,
2,B,3,-0.71,22,30.97349092,12.99461806,,,,,,,,,,,,,,,,,,,,,,,,,,,,,,,,
2,C,3,-0.57,31,26.28407561,12.39201389,,,,,,,,,,,,,,,,,,,,,,,,,,,,,,,,
2,D,3,-0.57,30,20.69466029,12.48940972,,,,,,,,,,,,,,,,,,,,,,,,,,,,,,,,
2,E,3,-0.57,27,19.40524498,12.08680556,,,,,,,,,,,,,,,,,,,,,,,,,,,,,,,,
2,F,3,-0.5,43,19.71582967,12.38420139,,,,,,,,,,,,,,,,,,,,,,,,,,,,,,,,
2,G,3,-0.64,26,15.52641436,12.28159722,,,,,,,,,,,,,,,,,,,,,,,,,,,,,,,,
2,H,3,-0.57,28,19.53699904,12.97899306,,,,,,,,,,,,,,,,,,,,,,,,,,,,,,,,
2,A,4,-0.57,24,40.34758373,11.57638889,,,,,,,,,,,,,,,,,,,,,,,,,,,,,,,,
2,B,4,-0.5,27,24.35816842,12.77378472,,,,,,,,,,,,,,,,,,,,,,,,,,,,,,,,
2,C,4,-0.5,31,19.7687531,12.17118056,,,,,,,,,,,,,,,,,,,,,,,,,,,,,,,,
2,D,4,-0.57,27,22.37933779,12.96857639,,,,,,,,,,,,,,,,,,,,,,,,,,,,,,,,
2,E,4,-0.57,32,22.88992248,12.86597222,,,,,,,,,,,,,,,,,,,,,,,,,,,,,,,,
2,F,4,-0.57,24,23.60050717,12.86336806,,,,,,,,,,,,,,,,,,,,,,,,,,,,,,,,
2,G,4,-0.64,24,18.71109185,11.76076389,,,,,,,,,,,,,,,,,,,,,,,,,,,,,,,,
2,H,4,-0.5,21,20.02167654,12.05815972,,,,,,,,,,,,,,,,,,,,,,,,,,,,,,,,
2,A,5,-0.5,60,33.13226123,13.85555556,,,,,,,,,,,,,,,,,,,,,,,,,,,,,,,,
2,B,5,-0.5,32,23.24284592,12.95295139,,,,,,,,,,,,,,,,,,,,,,,,,,,,,,,,
2,C,5,-0.57,28,22.4534306,12.05034722,,,,,,,,,,,,,,,,,,,,,,,,,,,,,,,,
2,D,5,-0.57,27,22.76401529,11.64774306,,,,,,,,,,,,,,,,,,,,,,,,,,,,,,,,
2,E,5,-0.57,32,21.17459998,12.24513889,,,,,,,,,,,,,,,,,,,,,,,,,,,,,,,,
2,F,5,-0.5,32,22.48518466,12.64253472,,,,,,,,,,,,,,,,,,,,,,,,,,,,,,,,
2,G,5,-0.34,28,20.69576935,12.53993056,,,,,,,,,,,,,,,,,,,,,,,,,,,,,,,,
2,H,5,-0.34,39,18.70635404,11.73732639,,,,,,,,,,,,,,,,,,,,,,,,,,,,,,,,
2,A,6,-0.57,20,37.61693873,12.63472222,,,,,,,,,,,,,,,,,,,,,,,,,,,,,,,,
2,B,6,-0.57,21,41.72752341,12.23211806,,,,,,,,,,,,,,,,,,,,,,,,,,,,,,,,
2,C,6,-0.5,17,28.6381081,12.12951389,,,,,,,,,,,,,,,,,,,,,,,,,,,,,,,,
2,D,6,-0.5,22,22.54869279,11.92690972,,,,,,,,,,,,,,,,,,,,,,,,,,,,,,,,
2,E,6,-0.42,32,21.75927747,12.22430556,,,,,,,,,,,,,,,,,,,,,,,,,,,,,,,,
2,F,6,-0.34,32,18.96986216,12.52170139,,,,,,,,,,,,,,,,,,,,,,,,,,,,,,,,
2,G,6,-0.09,22,21.58044685,12.31909722,,,,,,,,,,,,,,,,,,,,,,,,,,,,,,,,
2,H,6,-0.17,58,16.39103154,12.61649306,,,,,,,,,,,,,,,,,,,,,,,,,,,,,,,,
2,A,7,-0.64,33,43.20161622,12.51388889,,,,,,,,,,,,,,,,,,,,,,,,,,,,,,,,
2,B,7,-0.64,28,43.41220091,13.51128472,,,,,,,,,,,,,,,,,,,,,,,,,,,,,,,,
2,C,7,-0.57,33,39.4227856,13.30868056,,,,,,,,,,,,,,,,,,,,,,,,,,,,,,,,
2,D,7,-0.26,24,26.03337028,14.40607639,,,,,,,,,,,,,,,,,,,,,,,,,,,,,,,,
2,E,7,0,37,23.84395497,13.00347222,,,,,,,,,,,,,,,,,,,,,,,,,,,,,,,,
2,F,7,-0.09,57,17.25453966,12.00086806,,,,,,,,,,,,,,,,,,,,,,,,,,,,,,,,
2,G,7,-0.17,48,15.46512435,12.49826389,,,,,,,,,,,,,,,,,,,,,,,,,,,,,,,,
2,H,7,-0.26,53,16.77570903,11.99565972,,,,,,,,,,,,,,,,,,,,,,,,,,,,,,,,
2,A,8,-0.64,23,32.58629372,13.99305556,,,,,,,,,,,,,,,,,,,,,,,,,,,,,,,,
2,B,8,-0.57,28,35.29687841,13.09045139,,,,,,,,,,,,,,,,,,,,,,,,,,,,,,,,
2,C,8,-0.34,31,20.20746309,13.78784722,,,,,,,,,,,,,,,,,,,,,,,,,,,,,,,,
2,D,8,-0.09,48,20.31804778,13.68524306,,,,,,,,,,,,,,,,,,,,,,,,,,,,,,,,
2,E,8,-0.17,43,23.22863247,13.18263889,,,,,,,,,,,,,,,,,,,,,,,,,,,,,,,,
2,F,8,-0.34,66,21.83921716,13.48003472,,,,,,,,,,,,,,,,,,,,,,,,,,,,,,,,
2,G,8,-0.42,61,19.04980184,12.97743056,,,,,,,,,,,,,,,,,,,,,,,,,,,,,,,,
2,H,8,-0.42,35,20.56038653,12.37482639,,,,,,,,,,,,,,,,,,,,,,,,,,,,,,,,
2,A,9,-0.57,22,39.47097122,12.17222222,,,,,,,,,,,,,,,,,,,,,,,,,,,,,,,,
2,B,9,-0.57,42,33.5815559,12.66961806,,,,,,,,,,,,,,,,,,,,,,,,,,,,,,,,
2,C,9,-0.34,38,31.19214059,11.96701389,,,,,,,,,,,,,,,,,,,,,,,,,,,,,,,,
2,D,9,-0.34,37,27.70272528,14.06440972,,,,,,,,,,,,,,,,,,,,,,,,,,,,,,,,
2,E,9,-0.5,56,21.01330997,12.56180556,,,,,,,,,,,,,,,,,,,,,,,,,,,,,,,,
2,F,9,-0.57,81,23.82389465,16.75920139,,,,,,,,,,,,,,,,,,,,,,,,,,,,,,,,
2,G,9,-0.57,63,22.03447934,14.05659722,,,,,,,,,,,,,,,,,,,,,,,,,,,,,,,,
2,H,9,-0.57,72,21.24506403,12.45399306,,,,,,,,,,,,,,,,,,,,,,,,,,,,,,,,
2,A,10,-0.57,27,28.25564871,12.55138889,,,,,,,,,,,,,,,,,,,,,,,,,,,,,,,,
2,B,10,-0.71,23,28.9662334,13.44878472,,,,,,,,,,,,,,,,,,,,,,,,,,,,,,,,
2,C,10,-0.87,29,24.17681809,13.54618056,,,,,,,,,,,,,,,,,,,,,,,,,,,,,,,,
2,D,10,-0.94,42,25.48740278,14.64357639,,,,,,,,,,,,,,,,,,,,,,,,,,,,,,,,
2,E,10,-0.94,23,28.69798746,16.44097222,,,,,,,,,,,,,,,,,,,,,,,,,,,,,,,,
2,F,10,-0.94,21,22.10857215,14.23836806,,,,,,,,,,,,,,,,,,,,,,,,,,,,,,,,
2,G,10,-0.97,54,16.41915684,13.83576389,,,,,,,,,,,,,,,,,,,,,,,,,,,,,,,,
2,H,10,-0.98,78,21.12974153,12.93315972,,,,,,,,,,,,,,,,,,,,,,,,,,,,,,,,
2,A,11,-0.91,24,NA,NA,,,,,,,,,,,,,,,,,,,,,,,,,,,,,,,,
2,B,11,-0.97,23,33.2509109,13.22795139,,,,,,,,,,,,,,,,,,,,,,,,,,,,,,,,
2,C,11,-1,26,35.56149559,13.72534722,,,,,,,,,,,,,,,,,,,,,,,,,,,,,,,,
2,D,11,-0.97,33,22.17208027,11.42274306,,,,,,,,,,,,,,,,,,,,,,,,,,,,,,,,
2,E,11,-0.94,23,25.88266496,12.82013889,,,,,,,,,,,,,,,,,,,,,,,,,,,,,,,,
2,F,11,-0.97,21,24.49324965,11.41753472,,,,,,,,,,,,,,,,,,,,,,,,,,,,,,,,
2,G,11,-0.91,27,26.10383434,11.91493056,,,,,,,,,,,,,,,,,,,,,,,,,,,,,,,,
2,H,11,-0.91,20,18.41441902,12.31232639,,,,,,,,,,,,,,,,,,,,,,,,,,,,,,,,
2,A,12,-1,40,24.22500371,11.40972222,,,,,,,,,,,,,,,,,,,,,,,,,,,,,,,,
2,B,12,-1,42,NA,NA,,,,,,,,,,,,,,,,,,,,,,,,,,,,,,,,
2,C,12,-1,44,20.04617308,12.70451389,,,,,,,,,,,,,,,,,,,,,,,,,,,,,,,,
2,D,12,-0.94,58,22.25675777,13.90190972,,,,,,,,,,,,,,,,,,,,,,,,,,,,,,,,
2,E,12,-0.91,22,18.66734246,13.39930556,,,,,,,,,,,,,,,,,,,,,,,,,,,,,,,,
2,F,12,-0.94,21,22.77792715,14.29670139,,,,,,,,,,,,,,,,,,,,,,,,,,,,,,,,
2,G,12,-1,20,20.98851183,11.79409722,,,,,,,,,,,,,,,,,,,,,,,,,,,,,,,,
2,H,12,-0.97,24,19.39909652,11.39149306,,,,,,,,,,,,,,,,,,,,,,,,,,,,,,,,
2,A,13,-0.98,41,32.30968121,11.18888889,,,,,,,,,,,,,,,,,,,,,,,,,,,,,,,,
2,B,13,-1,44,NA,NA,,,,,,,,,,,,,,,,,,,,,,,,,,,,,,,,
2,C,13,-1,21,20.63085058,11.48368056,,,,,,,,,,,,,,,,,,,,,,,,,,,,,,,,
2,D,13,-1,24,26.44143527,12.58107639,,,,,,,,,,,,,,,,,,,,,,,,,,,,,,,,
2,E,13,-0.98,22,18.55201996,13.37847222,,,,,,,,,,,,,,,,,,,,,,,,,,,,,,,,
2,F,13,-0.97,27,18.56260464,13.27586806,,,,,,,,,,,,,,,,,,,,,,,,,,,,,,,,
2,G,13,-0.94,54,20.07318933,12.17326389,,,,,,,,,,,,,,,,,,,,,,,,,,,,,,,,
2,H,13,-1,27,20.38377402,11.57065972,,,,,,,,,,,,,,,,,,,,,,,,,,,,,,,,
2,A,14,-0.94,37,42.4943587,16.76805556,,,,,,,,,,,,,,,,,,,,,,,,,,,,,,,,
2,B,14,-0.91,43,33.00494339,17.06545139,,,,,,,,,,,,,,,,,,,,,,,,,,,,,,,,
2,C,14,-0.94,43,33.01552808,15.76284722,,,,,,,,,,,,,,,,,,,,,,,,,,,,,,,,
2,D,14,-0.97,32,32.62611277,14.76024306,,,,,,,,,,,,,,,,,,,,,,,,,,,,,,,,
2,E,14,-1,68,22.03669745,15.75763889,,,,,,,,,,,,,,,,,,,,,,,,,,,,,,,,
2,F,14,-0.98,33,32.24728214,15.75503472,,,,,,,,,,,,,,,,,,,,,,,,,,,,,,,,
2,G,14,-0.91,45,18.05786683,12.95243056,,,,,,,,,,,,,,,,,,,,,,,,,,,,,,,,
2,H,14,-0.77,26,16.06845151,11.74982639,,,,,,,,,,,,,,,,,,,,,,,,,,,,,,,,
2,A,15,-1,37,29.7790362,12.64722222,,,,,,,,,,,,,,,,,,,,,,,,,,,,,,,,
2,B,15,-1,24,31.48962089,14.84461806,,,,,,,,,,,,,,,,,,,,,,,,,,,,,,,,
2,C,15,-1,36,33.30020558,13.64201389,,,,,,,,,,,,,,,,,,,,,,,,,,,,,,,,
2,D,15,-0.98,32,36.11079026,14.33940972,,,,,,,,,,,,,,,,,,,,,,,,,,,,,,,,
2,E,15,-0.97,46,26.62137495,13.73680556,,,,,,,,,,,,,,,,,,,,,,,,,,,,,,,,
2,F,15,-0.91,48,31.53195964,13.53420139,,,,,,,,,,,,,,,,,,,,,,,,,,,,,,,,
2,G,15,-0.77,47,28.24254432,11.93159722,,,,,,,,,,,,,,,,,,,,,,,,,,,,,,,,
2,H,15,-0.71,52,26.45312901,11.42899306,,,,,,,,,,,,,,,,,,,,,,,,,,,,,,,,
2,A,16,-1,25,32.0637137,11.72638889,,,,,,,,,,,,,,,,,,,,,,,,,,,,,,,,
2,B,16,-1,37,50.87429839,13.92378472,,,,,,,,,,,,,,,,,,,,,,,,,,,,,,,,
2,C,16,-0.97,35,43.88488307,12.92118056,,,,,,,,,,,,,,,,,,,,,,,,,,,,,,,,
2,D,16,-0.82,53,32.89546776,13.81857639,,,,,,,,,,,,,,,,,,,,,,,,,,,,,,,,
2,E,16,-0.77,34,37.70605245,13.21597222,,,,,,,,,,,,,,,,,,,,,,,,,,,,,,,,
2,F,16,-0.82,38,24.41663714,16.71336806,,,,,,,,,,,,,,,,,,,,,,,,,,,,,,,,
2,G,16,-0.64,43,31.32722182,13.21076389,,,,,,,,,,,,,,,,,,,,,,,,,,,,,,,,
2,H,16,-0.57,46,27.53780651,12.70815972,,,,,,,,,,,,,,,,,,,,,,,,,,,,,,,,
2,A,17,-0.97,37,41.3483912,13.60555556,,,,,,,,,,,,,,,,,,,,,,,,,,,,,,,,
2,B,17,-0.94,42,NA,NA,,,,,,,,,,,,,,,,,,,,,,,,,,,,,,,,
2,C,17,-0.82,50,NA,NA,,,,,,,,,,,,,,,,,,,,,,,,,,,,,,,,
2,D,17,-0.82,42,30.68014526,12.19774306,,,,,,,,,,,,,,,,,,,,,,,,,,,,,,,,
2,E,17,-0.82,49,46.09072995,11.59513889,,,,,,,,,,,,,,,,,,,,,,,,,,,,,,,,
2,F,17,-0.77,56,40.20131463,13.19253472,,,,,,,,,,,,,,,,,,,,,,,,,,,,,,,,
2,G,17,-0.71,58,36.71189932,12.68993056,,,,,,,,,,,,,,,,,,,,,,,,,,,,,,,,
2,H,17,-0.64,55,38.32248401,12.38732639,,,,,,,,,,,,,,,,,,,,,,,,,,,,,,,,
2,A,18,-0.94,35,38.33306869,13.58472222,,,,,,,,,,,,,,,,,,,,,,,,,,,,,,,,
2,B,18,-0.91,32,33.54365338,14.68211806,,,,,,,,,,,,,,,,,,,,,,,,,,,,,,,,
2,C,18,-0.87,29,46.65423807,14.47951389,,,,,,,,,,,,,,,,,,,,,,,,,,,,,,,,
2,D,18,-0.77,53,43.36482276,14.37690972,,,,,,,,,,,,,,,,,,,,,,,,,,,,,,,,
2,E,18,-0.82,47,30.27540744,13.27430556,,,,,,,,,,,,,,,,,,,,,,,,,,,,,,,,
2,F,18,-0.87,52,23.58599213,14.77170139,,,,,,,,,,,,,,,,,,,,,,,,,,,,,,,,
2,G,18,-0.98,57,41.09657682,13.76909722,,,,,,,,,,,,,,,,,,,,,,,,,,,,,,,,
2,H,18,-1,54,35.6071615,13.66649306,,,,,,,,,,,,,,,,,,,,,,,,,,,,,,,,
2,A,19,-0.97,51,33.31774619,12.76388889,,,,,,,,,,,,,,,,,,,,,,,,,,,,,,,,
2,B,19,-0.87,32,42.42833088,14.16128472,,,,,,,,,,,,,,,,,,,,,,,,,,,,,,,,
2,C,19,-0.82,36,44.73891557,14.35868056,,,,,,,,,,,,,,,,,,,,,,,,,,,,,,,,
2,D,19,-0.77,31,NA,NA,,,,,,,,,,,,,,,,,,,,,,,,,,,,,,,,
2,E,19,-0.77,41,35.76008494,13.55347222,,,,,,,,,,,,,,,,,,,,,,,,,,,,,,,,
2,F,19,-0.98,64,44.47066963,13.55086806,,,,,,,,,,,,,,,,,,,,,,,,,,,,,,,,
2,G,19,-1,62,29.98125431,12.34826389,,,,,,,,,,,,,,,,,,,,,,,,,,,,,,,,
2,H,19,-1,68,34.491839,13.84565972,,,,,,,,,,,,,,,,,,,,,,,,,,,,,,,,
2,A,20,-1,27,48.40242369,13.34305556,,,,,,,,,,,,,,,,,,,,,,,,,,,,,,,,
2,B,20,-1,24,41.21300838,12.84045139,,,,,,,,,,,,,,,,,,,,,,,,,,,,,,,,
2,C,20,-0.98,49,42.42359306,14.03784722,,,,,,,,,,,,,,,,,,,,,,,,,,,,,,,,
2,D,20,-0.94,38,NA,NA,,,,,,,,,,,,,,,,,,,,,,,,,,,,,,,,
2,E,20,-0.97,37,32.94476244,12.73263889,,,,,,,,,,,,,,,,,,,,,,,,,,,,,,,,
2,F,20,-0.98,36,49.85534712,12.23003472,,,,,,,,,,,,,,,,,,,,,,,,,,,,,,,,
2,G,20,-0.98,45,36.36593181,12.62743056,,,,,,,,,,,,,,,,,,,,,,,,,,,,,,,,
2,H,20,-0.97,58,42.68710119,13.12222222,,,,,,,,,,,,,,,,,,,,,,,,,,,,,,,,
3,A,1,-1,20,27.5,16.1,,,,,,,,,,,,,,,,,,,,,,,,,,,,,,,,
3,B,1,-1,21,25.58629049,15.44791667,,,,,,,,,,,,,,,,,,,,,,,,,,,,,,,,
3,C,1,-1,19,27.27258099,15.49583333,,,,,,,,,,,,,,,,,,,,,,,,,,,,,,,,
3,D,1,-1,23,27.15887148,15.64375,,,,,,,,,,,,,,,,,,,,,,,,,,,,,,,,
3,E,1,-1,23,25.14516198,13.99166667,,,,,,,,,,,,,,,,,,,,,,,,,,,,,,,,
3,F,1,-1,26,28.63145247,14.83958333,,,,,,,,,,,,,,,,,,,,,,,,,,,,,,,,
3,G,1,-0.98,30,23.41774297,14.5875,,,,,,,,,,,,,,,,,,,,,,,,,,,,,,,,
3,H,1,-1,19,25.20403346,14.63541667,,,,,,,,,,,,,,,,,,,,,,,,,,,,,,,,
3,A,2,-1,16,21.50931452,15.38739583,,,,,,,,,,,,,,,,,,,,,,,,,,,,,,,,
3,B,2,-1,16,21.69560502,15.8353125,,,,,,,,,,,,,,,,,,,,,,,,,,,,,,,,
3,C,2,-1,44,26.28189551,16.08322917,,,,,,,,,,,,,,,,,,,,,,,,,,,,,,,,
3,D,2,-1,21,26.76818601,15.73114583,,,,,,,,,,,,,,,,,,,,,,,,,,,,,,,,
3,E,2,-1,17,23.2544765,14.7790625,,,,,,,,,,,,,,,,,,,,,,,,,,,,,,,,
3,F,2,-1,18,23.940767,14.72697917,,,,,,,,,,,,,,,,,,,,,,,,,,,,,,,,
3,G,2,-1,19,25.52705749,14.17489583,,,,,,,,,,,,,,,,,,,,,,,,,,,,,,,,
3,H,2,-1,17,27.91334798,14.5228125,,,,,,,,,,,,,,,,,,,,,,,,,,,,,,,,
3,A,3,-1,21,26.21862905,15.67479167,,,,,,,,,,,,,,,,,,,,,,,,,,,,,,,,
3,B,3,-0.98,24,28.10491954,16.12270833,,,,,,,,,,,,,,,,,,,,,,,,,,,,,,,,
3,C,3,-0.98,17,22.29121004,15.770625,,,,,,,,,,,,,,,,,,,,,,,,,,,,,,,,
3,D,3,-1,21,25.97750053,14.51854167,,,,,,,,,,,,,,,,,,,,,,,,,,,,,,,,
3,E,3,-1,22,26.26379103,15.26645833,,,,,,,,,,,,,,,,,,,,,,,,,,,,,,,,
3,F,3,-1,18,24.55008152,14.314375,,,,,,,,,,,,,,,,,,,,,,,,,,,,,,,,
3,G,3,-1,23,27.83637202,14.96229167,,,,,,,,,,,,,,,,,,,,,,,,,,,,,,,,
3,H,3,-1,19,23.62266251,14.31020833,,,,,,,,,,,,,,,,,,,,,,,,,,,,,,,,
3,A,4,-1,18,22.52794357,16.2621875,,,,,,,,,,,,,,,,,,,,,,,,,,,,,,,,
3,B,4,-1,36,27.21423407,15.91010417,,,,,,,,,,,,,,,,,,,,,,,,,,,,,,,,
3,C,4,-1,27,28.60052456,15.65802083,,,,,,,,,,,,,,,,,,,,,,,,,,,,,,,,
3,D,4,-1,19,27.68681506,15.3059375,,,,,,,,,,,,,,,,,,,,,,,,,,,,,,,,
3,E,4,-1,20,27.47310555,15.35385417,,,,,,,,,,,,,,,,,,,,,,,,,,,,,,,,
3,F,4,-1,49,25.25939605,15.00177083,,,,,,,,,,,,,,,,,,,,,,,,,,,,,,,,
3,G,4,-1,47,24.44568654,14.4496875,,,,,,,,,,,,,,,,,,,,,,,,,,,,,,,,
3,H,4,-1,32,27.73197703,14.29760417,,,,,,,,,,,,,,,,,,,,,,,,,,,,,,,,
3,A,5,-0.97,23,24.9372581,15.94958333,,,,,,,,,,,,,,,,,,,,,,,,,,,,,,,,
3,B,5,-1,25,24.62354859,14.6975,,,,,,,,,,,,,,,,,,,,,,,,,,,,,,,,
3,C,5,-1,21,28.90983909,15.84541667,,,,,,,,,,,,,,,,,,,,,,,,,,,,,,,,
3,D,5,-1,23,26.79612958,15.39333333,,,,,,,,,,,,,,,,,,,,,,,,,,,,,,,,
3,E,5,-1,15,27.98242008,15.44125,,,,,,,,,,,,,,,,,,,,,,,,,,,,,,,,
3,F,5,-1,46,19.66871057,14.78916667,,,,,,,,,,,,,,,,,,,,,,,,,,,,,,,,
3,G,5,-1,52,25.05500106,14.33708333,,,,,,,,,,,,,,,,,,,,,,,,,,,,,,,,
3,H,5,-1,23,24.74129156,13.685,,,,,,,,,,,,,,,,,,,,,,,,,,,,,,,,
3,A,6,-0.98,20,26.94657262,15.53697917,,,,,,,,,,,,,,,,,,,,,,,,,,,,,,,,
3,B,6,-1,27,29.03286312,16.28489583,,,,,,,,,,,,,,,,,,,,,,,,,,,,,,,,
3,C,6,-1,14,28.61915361,15.6328125,,,,,,,,,,,,,,,,,,,,,,,,,,,,,,,,
3,D,6,-1,39,25.80544411,14.58072917,,,,,,,,,,,,,,,,,,,,,,,,,,,,,,,,
3,E,6,-1,44,24.6917346,14.92864583,,,,,,,,,,,,,,,,,,,,,,,,,,,,,,,,
3,F,6,-1,58,26.07802509,14.2765625,,,,,,,,,,,,,,,,,,,,,,,,,,,,,,,,
3,G,6,-1,58,23.76431559,14.22447917,,,,,,,,,,,,,,,,,,,,,,,,,,,,,,,,
3,H,6,-1,16,20.85060608,14.07239583,,,,,,,,,,,,,,,,,,,,,,,,,,,,,,,,
3,A,7,-1,23,27.35588715,15.724375,,,,,,,,,,,,,,,,,,,,,,,,,,,,,,,,
3,B,7,-0.98,20,29.34217764,15.27229167,,,,,,,,,,,,,,,,,,,,,,,,,,,,,,,,
3,C,7,-1,36,24.82846814,15.12020833,,,,,,,,,,,,,,,,,,,,,,,,,,,,,,,,
3,D,7,-1,52,25.01475863,14.668125,,,,,,,,,,,,,,,,,,,,,,,,,,,,,,,,
3,E,7,-1,40,26.40104913,14.61604167,,,,,,,,,,,,,,,,,,,,,,,,,,,,,,,,
3,F,7,-1,52,24.58733962,14.46395833,,,,,,,,,,,,,,,,,,,,,,,,,,,,,,,,
3,G,7,-1,18,27.27363011,13.911875,,,,,,,,,,,,,,,,,,,,,,,,,,,,,,,,
3,H,7,-1,31,27.75992061,13.75979167,,,,,,,,,,,,,,,,,,,,,,,,,,,,,,,,
3,A,8,-1,34,23.16520167,15.81177083,,,,,,,,,,,,,,,,,,,,,,,,,,,,,,,,
3,B,8,-1,15,27.95149217,15.7596875,,,,,,,,,,,,,,,,,,,,,,,,,,,,,,,,
3,C,8,-1,37,28.13778266,14.70760417,,,,,,,,,,,,,,,,,,,,,,,,,,,,,,,,
3,D,8,-1,52,26.62407316,14.65552083,,,,,,,,,,,,,,,,,,,,,,,,,,,,,,,,
3,E,8,-1,53,22.61036365,14.2034375,,,,,,,,,,,,,,,,,,,,,,,,,,,,,,,,
3,F,8,-1,48,24.29665414,14.35135417,,,,,,,,,,,,,,,,,,,,,,,,,,,,,,,,
3,G,8,-1,17,25.48294464,14.49927083,,,,,,,,,,,,,,,,,,,,,,,,,,,,,,,,
3,H,8,-1,35,33.26923513,14.0471875,,,,,,,,,,,,,,,,,,,,,,,,,,,,,,,,
3,A,9,-1,41,28.5745162,16.39916667,,,,,,,,,,,,,,,,,,,,,,,,,,,,,,,,
3,B,9,-1,45,26.76080669,14.84708333,,,,,,,,,,,,,,,,,,,,,,,,,,,,,,,,
3,C,9,-1,40,22.74709719,14.995,,,,,,,,,,,,,,,,,,,,,,,,,,,,,,,,
3,D,9,-1,57,28.93338768,14.74291667,,,,,,,,,,,,,,,,,,,,,,,,,,,,,,,,
3,E,9,-1,54,24.11967817,14.59083333,,,,,,,,,,,,,,,,,,,,,,,,,,,,,,,,
3,F,9,-1,52,27.40596867,14.63875,,,,,,,,,,,,,,,,,,,,,,,,,,,,,,,,
3,G,9,-1,31,28.39225916,14.28666667,,,,,,,,,,,,,,,,,,,,,,,,,,,,,,,,
3,H,9,-1,21,31.87854966,14.33458333,,,,,,,,,,,,,,,,,,,,,,,,,,,,,,,,
3,A,10,-1,21,25.48383072,15.4865625,,,,,,,,,,,,,,,,,,,,,,,,,,,,,,,,
3,B,10,-1,16,32.67012122,14.93447917,,,,,,,,,,,,,,,,,,,,,,,,,,,,,,,,
3,C,10,-1,20,26.35641171,14.68239583,,,,,,,,,,,,,,,,,,,,,,,,,,,,,,,,
3,D,10,-1,16,26.84270221,14.9303125,,,,,,,,,,,,,,,,,,,,,,,,,,,,,,,,
3,E,10,-1,48,21.9289927,14.87822917,,,,,,,,,,,,,,,,,,,,,,,,,,,,,,,,
3,F,10,-1,51,28.71528319,14.82614583,,,,,,,,,,,,,,,,,,,,,,,,,,,,,,,,
3,G,10,-1,45,29.10157369,14.2740625,,,,,,,,,,,,,,,,,,,,,,,,,,,,,,,,
3,H,10,-1,20,29.68786418,13.62197917,,,,,,,,,,,,,,,,,,,,,,,,,,,,,,,,
3,A,11,-1,39,25.69314525,15.37395833,,,,,,,,,,,,,,,,,,,,,,,,,,,,,,,,
3,B,11,-1,0,29.77943574,15.621875,,,,,,,,,,,,,,,,,,,,,,,,,,,,,,,,
3,C,11,-1,20,24.36572624,14.56979167,,,,,,,,,,,,,,,,,,,,,,,,,,,,,,,,
3,D,11,-1,45,23.55201673,14.61770833,,,,,,,,,,,,,,,,,,,,,,,,,,,,,,,,
3,E,11,-1,47,25.63830722,14.365625,,,,,,,,,,,,,,,,,,,,,,,,,,,,,,,,
3,F,11,-1,45,22.32459772,15.21354167,,,,,,,,,,,,,,,,,,,,,,,,,,,,,,,,
3,G,11,-1,35,25.61088821,13.76145833,,,,,,,,,,,,,,,,,,,,,,,,,,,,,,,,
3,H,11,-1,24,24.69717871,15.009375,,,,,,,,,,,,,,,,,,,,,,,,,,,,,,,,
3,A,12,-1,70,16.80245977,15.16135417,,,,,,,,,,,,,,,,,,,,,,,,,,,,,,,,
3,B,12,-1,0,25.18875027,15.20927083,,,,,,,,,,,,,,,,,,,,,,,,,,,,,,,,
3,C,12,-1,20,26.77504076,14.8571875,,,,,,,,,,,,,,,,,,,,,,,,,,,,,,,,
3,D,12,-1,22,26.56133125,14.60510417,,,,,,,,,,,,,,,,,,,,,,,,,,,,,,,,
3,E,12,-1,19,28.04762175,14.75302083,,,,,,,,,,,,,,,,,,,,,,,,,,,,,,,,
3,F,12,-1,50,21.63391224,15.4009375,,,,,,,,,,,,,,,,,,,,,,,,,,,,,,,,
3,G,12,-1,45,25.82020274,13.84885417,,,,,,,,,,,,,,,,,,,,,,,,,,,,,,,,
3,H,12,-1,20,18.30649323,14.59677083,,,,,,,,,,,,,,,,,,,,,,,,,,,,,,,,
3,A,13,-1,32,24.5117743,15.04875,,,,,,,,,,,,,,,,,,,,,,,,,,,,,,,,
3,B,13,-1,27,24.69806479,14.89666667,,,,,,,,,,,,,,,,,,,,,,,,,,,,,,,,
3,C,13,-1,33,27.68435529,14.74458333,,,,,,,,,,,,,,,,,,,,,,,,,,,,,,,,
3,D,13,-1,22,27.47064578,14.6925,,,,,,,,,,,,,,,,,,,,,,,,,,,,,,,,
3,E,13,-1,51,24.25693627,14.84041667,,,,,,,,,,,,,,,,,,,,,,,,,,,,,,,,
3,F,13,-1,44,24.34322677,14.88833333,,,,,,,,,,,,,,,,,,,,,,,,,,,,,,,,
3,G,13,-1,58,22.32951726,14.43625,,,,,,,,,,,,,,,,,,,,,,,,,,,,,,,,
3,H,13,-1,42,24.81580776,14.48416667,,,,,,,,,,,,,,,,,,,,,,,,,,,,,,,,
3,A,14,-1,30,20.92108882,14.83614583,,,,,,,,,,,,,,,,,,,,,,,,,,,,,,,,
3,B,14,-1,20,24.10737932,14.3840625,,,,,,,,,,,,,,,,,,,,,,,,,,,,,,,,
3,C,14,-1,34,23.59366981,15.13197917,,,,,,,,,,,,,,,,,,,,,,,,,,,,,,,,
3,D,14,-1,20,21.1799603,14.67989583,,,,,,,,,,,,,,,,,,,,,,,,,,,,,,,,
3,E,14,-1,21,25.7662508,14.9278125,,,,,,,,,,,,,,,,,,,,,,,,,,,,,,,,
3,F,14,-1,41,22.65254129,14.57572917,,,,,,,,,,,,,,,,,,,,,,,,,,,,,,,,
3,G,14,-1,60,28.43883179,14.22364583,,,,,,,,,,,,,,,,,,,,,,,,,,,,,,,,
3,H,14,-1,35,25.52512228,13.7715625,,,,,,,,,,,,,,,,,,,,,,,,,,,,,,,,
3,A,15,-1,25,15.83040335,15.22354167,,,,,,,,,,,,,,,,,,,,,,,,,,,,,,,,
3,B,15,-1,27,24.41669384,15.07145833,,,,,,,,,,,,,,,,,,,,,,,,,,,,,,,,
3,C,15,-1,19,26.30298433,15.019375,,,,,,,,,,,,,,,,,,,,,,,,,,,,,,,,
3,D,15,-1,21,24.28927483,15.76729167,,,,,,,,,,,,,,,,,,,,,,,,,,,,,,,,
3,E,15,-1,18,27.47556532,14.91520833,,,,,,,,,,,,,,,,,,,,,,,,,,,,,,,,
3,F,15,-0.98,20,27.96185582,14.163125,,,,,,,,,,,,,,,,,,,,,,,,,,,,,,,,
3,G,15,-1,26,26.34814631,14.31104167,,,,,,,,,,,,,,,,,,,,,,,,,,,,,,,,
3,H,15,-1,25,21.43443681,14.05895833,,,,,,,,,,,,,,,,,,,,,,,,,,,,,,,,
3,A,16,-1,33,21.63971787,15.6109375,,,,,,,,,,,,,,,,,,,,,,,,,,,,,,,,
3,B,16,-1,29,24.92600836,15.15885417,,,,,,,,,,,,,,,,,,,,,,,,,,,,,,,,
3,C,16,-1,0,25.21229886,14.80677083,,,,,,,,,,,,,,,,,,,,,,,,,,,,,,,,
3,D,16,-1,23,25.89858935,14.4546875,,,,,,,,,,,,,,,,,,,,,,,,,,,,,,,,
3,E,16,-1,22,27.88487985,14.60260417,,,,,,,,,,,,,,,,,,,,,,,,,,,,,,,,
3,F,16,-1,46,27.27117034,14.55052083,,,,,,,,,,,,,,,,,,,,,,,,,,,,,,,,
3,G,16,-1,42,28.25746084,14.2984375,,,,,,,,,,,,,,,,,,,,,,,,,,,,,,,,
3,H,16,-1,30,30.94375133,13.74635417,,,,,,,,,,,,,,,,,,,,,,,,,,,,,,,,
3,A,17,-1,57,18.1490324,15.39833333,,,,,,,,,,,,,,,,,,,,,,,,,,,,,,,,
3,B,17,-1,41,27.33532289,15.24625,,,,,,,,,,,,,,,,,,,,,,,,,,,,,,,,
3,C,17,-1,0,25.92161338,14.89416667,,,,,,,,,,,,,,,,,,,,,,,,,,,,,,,,
3,D,17,-1,25,15.90790388,15.04208333,,,,,,,,,,,,,,,,,,,,,,,,,,,,,,,,
3,E,17,-1,25,26.29419437,14.39,,,,,,,,,,,,,,,,,,,,,,,,,,,,,,,,
3,F,17,-1,16,22.38048487,13.53791667,,,,,,,,,,,,,,,,,,,,,,,,,,,,,,,,
3,G,17,-1,35,30.16677536,14.48583333,,,,,,,,,,,,,,,,,,,,,,,,,,,,,,,,
3,H,17,-0.98,42,28.05306586,13.83375,,,,,,,,,,,,,,,,,,,,,,,,,,,,,,,,
3,A,18,-1,51,21.35834692,14.98572917,,,,,,,,,,,,,,,,,,,,,,,,,,,,,,,,
3,B,18,-1,38,25.14463741,15.33364583,,,,,,,,,,,,,,,,,,,,,,,,,,,,,,,,
3,C,18,-1,18,25.33092791,14.7815625,,,,,,,,,,,,,,,,,,,,,,,,,,,,,,,,
3,D,18,-1,23,26.4172184,14.62947917,,,,,,,,,,,,,,,,,,,,,,,,,,,,,,,,
3,E,18,-1,24,24.9035089,14.57739583,,,,,,,,,,,,,,,,,,,,,,,,,,,,,,,,
3,F,18,-1,19,29.28979939,14.1253125,,,,,,,,,,,,,,,,,,,,,,,,,,,,,,,,
3,G,18,-1,19,22.87608989,14.47322917,,,,,,,,,,,,,,,,,,,,,,,,,,,,,,,,
3,H,18,-1,50,30.66238038,14.12114583,,,,,,,,,,,,,,,,,,,,,,,,,,,,,,,,
3,A,19,-1,30,15.76766144,14.873125,,,,,,,,,,,,,,,,,,,,,,,,,,,,,,,,
3,B,19,-1,50,24.65395194,15.22104167,,,,,,,,,,,,,,,,,,,,,,,,,,,,,,,,
3,C,19,-1,26,24.14024243,14.56895833,,,,,,,,,,,,,,,,,,,,,,,,,,,,,,,,
3,D,19,-0.98,12,26.12653293,14.216875,,,,,,,,,,,,,,,,,,,,,,,,,,,,,,,,
3,E,19,-1,20,26.41282342,14.46479167,,,,,,,,,,,,,,,,,,,,,,,,,,,,,,,,
3,F,19,-1,24,31.69911392,14.41270833,,,,,,,,,,,,,,,,,,,,,,,,,,,,,,,,
3,G,19,-0.98,25,26.38540441,14.560625,,,,,,,,,,,,,,,,,,,,,,,,,,,,,,,,
3,H,19,-1,28,31.5716949,14.40854167,,,,,,,,,,,,,,,,,,,,,,,,,,,,,,,,
3,A,20,-1,41,24.57697597,15.66052083,,,,,,,,,,,,,,,,,,,,,,,,,,,,,,,,
3,B,20,-0.94,18,26.86326646,15.1084375,,,,,,,,,,,,,,,,,,,,,,,,,,,,,,,,
3,C,20,-0.94,24,26.14955696,14.55635417,,,,,,,,,,,,,,,,,,,,,,,,,,,,,,,,
3,D,20,-1,18,23.83584745,14.10427083,,,,,,,,,,,,,,,,,,,,,,,,,,,,,,,,
3,E,20,-0.98,0,23.52213795,14.6521875,,,,,,,,,,,,,,,,,,,,,,,,,,,,,,,,
3,F,20,-0.87,23,31.60842844,14.40010417,,,,,,,,,,,,,,,,,,,,,,,,,,,,,,,,
3,G,20,-0.98,29,32.69471894,14.44802083,,,,,,,,,,,,,,,,,,,,,,,,,,,,,,,,
3,H,20,-0.94,32,29.89032395,14.18333333,,,,,,,,,,,,,,,,,,,,,,,,,,,,,,,,
4,A,1,0.98,25,27.09354995,13.60833333,,,,,,,,,,,,,,,,,,,,,,,,,,,,,,,,
4,B,1,0.98,26,28.40645328,13.95555556,,,,,,,,,,,,,,,,,,,,,,,,,,,,,,,,
4,C,1,1,21,20.41935661,13.80277778,,,,,,,,,,,,,,,,,,,,,,,,,,,,,,,,
4,D,1,1,20,22.73225994,13.45,,,,,,,,,,,,,,,,,,,,,,,,,,,,,,,,
4,E,1,1,26,25.94516327,13.39722222,,,,,,,,,,,,,,,,,,,,,,,,,,,,,,,,
4,F,1,1,21,23.8580666,13.14444444,,,,,,,,,,,,,,,,,,,,,,,,,,,,,,,,
4,G,1,1,18,26.17096993,14.49166667,,,,,,,,,,,,,,,,,,,,,,,,,,,,,,,,
4,H,1,1,21,27.58387326,13.13888889,,,,,,,,,,,,,,,,,,,,,,,,,,,,,,,,
4,A,2,1,21,27.69919511,14.20069444,,,,,,,,,,,,,,,,,,,,,,,,,,,,,,,,
4,B,2,1,21,27.01209844,14.04791667,,,,,,,,,,,,,,,,,,,,,,,,,,,,,,,,
4,C,2,1,29,28.12500177,13.79513889,,,,,,,,,,,,,,,,,,,,,,,,,,,,,,,,
4,D,2,1,27,25.4379051,14.04236111,,,,,,,,,,,,,,,,,,,,,,,,,,,,,,,,
4,E,2,1,30,24.65080843,13.68958333,,,,,,,,,,,,,,,,,,,,,,,,,,,,,,,,
4,F,2,1,26,23.76371176,13.23680556,,,,,,,,,,,,,,,,,,,,,,,,,,,,,,,,
4,G,2,1,34,24.67661509,14.18402778,,,,,,,,,,,,,,,,,,,,,,,,,,,,,,,,
4,H,2,1,25,24.28951842,13.43125,,,,,,,,,,,,,,,,,,,,,,,,,,,,,,,,
4,A,3,1,21,27.50484028,13.69305556,,,,,,,,,,,,,,,,,,,,,,,,,,,,,,,,
4,B,3,1,24,27.11774361,14.04027778,,,,,,,,,,,,,,,,,,,,,,,,,,,,,,,,
4,C,3,1,20,27.13064694,13.9875,,,,,,,,,,,,,,,,,,,,,,,,,,,,,,,,
4,D,3,1,23,25.64355027,13.83472222,,,,,,,,,,,,,,,,,,,,,,,,,,,,,,,,
4,E,3,1,32,24.4564536,13.78194444,,,,,,,,,,,,,,,,,,,,,,,,,,,,,,,,
4,F,3,1,25,25.76935693,13.32916667,,,,,,,,,,,,,,,,,,,,,,,,,,,,,,,,
4,G,3,1,31,25.38226026,13.87638889,,,,,,,,,,,,,,,,,,,,,,,,,,,,,,,,
4,H,3,1,33,26.59516359,13.82361111,,,,,,,,,,,,,,,,,,,,,,,,,,,,,,,,
4,A,4,1,28,24.01048545,13.68541667,,,,,,,,,,,,,,,,,,,,,,,,,,,,,,,,
4,B,4,1,21,24.92338878,14.03263889,,,,,,,,,,,,,,,,,,,,,,,,,,,,,,,,
4,C,4,1,27,27.03629211,13.17986111,,,,,,,,,,,,,,,,,,,,,,,,,,,,,,,,
4,D,4,1,24,29.04919544,13.52708333,,,,,,,,,,,,,,,,,,,,,,,,,,,,,,,,
4,E,4,1,28,24.16209877,14.27430556,,,,,,,,,,,,,,,,,,,,,,,,,,,,,,,,
4,F,4,1,24,22.0750021,13.52152778,,,,,,,,,,,,,,,,,,,,,,,,,,,,,,,,
4,G,4,1,31,25.38790543,13.26875,,,,,,,,,,,,,,,,,,,,,,,,,,,,,,,,
4,H,4,1,25,22.50080876,13.31597222,,,,,,,,,,,,,,,,,,,,,,,,,,,,,,,,
4,A,5,1,26,25.91613061,13.77777778,,,,,,,,,,,,,,,,,,,,,,,,,,,,,,,,
4,B,5,1,20,25.92903394,14.025,,,,,,,,,,,,,,,,,,,,,,,,,,,,,,,,
4,C,5,1,22,23.24193727,13.57222222,,,,,,,,,,,,,,,,,,,,,,,,,,,,,,,,
4,D,5,1,27,24.8548406,13.21944444,,,,,,,,,,,,,,,,,,,,,,,,,,,,,,,,
4,E,5,1,25,24.96774393,13.66666667,,,,,,,,,,,,,,,,,,,,,,,,,,,,,,,,
4,F,5,1,29,23.08064726,13.91388889,,,,,,,,,,,,,,,,,,,,,,,,,,,,,,,,
4,G,5,1,40,22.69355059,13.26111111,,,,,,,,,,,,,,,,,,,,,,,,,,,,,,,,
4,H,5,1,35,23.60645392,13.10833333,,,,,,,,,,,,,,,,,,,,,,,,,,,,,,,,
4,A,6,1,32,22.12177578,13.47013889,,,,,,,,,,,,,,,,,,,,,,,,,,,,,,,,
4,B,6,1,22,25.43467911,13.71736111,,,,,,,,,,,,,,,,,,,,,,,,,,,,,,,,
4,C,6,1,28,22.04758244,13.16458333,,,,,,,,,,,,,,,,,,,,,,,,,,,,,,,,
4,D,6,1,20,25.46048577,13.21180556,,,,,,,,,,,,,,,,,,,,,,,,,,,,,,,,
4,E,6,1,21,23.9733891,13.65902778,,,,,,,,,,,,,,,,,,,,,,,,,,,,,,,,
4,F,6,1,45,22.28629243,14.30625,,,,,,,,,,,,,,,,,,,,,,,,,,,,,,,,
4,G,6,1,42,23.39919576,13.75347222,,,,,,,,,,,,,,,,,,,,,,,,,,,,,,,,
4,H,6,1,40,23.51209909,13.80069444,,,,,,,,,,,,,,,,,,,,,,,,,,,,,,,,
4,A,7,1,36,22.72742095,13.1625,,,,,,,,,,,,,,,,,,,,,,,,,,,,,,,,
4,B,7,1,27,26.94032428,13.90972222,,,,,,,,,,,,,,,,,,,,,,,,,,,,,,,,
4,C,7,1,25,25.75322761,13.95694444,,,,,,,,,,,,,,,,,,,,,,,,,,,,,,,,
4,D,7,1,21,23.56613094,12.80416667,,,,,,,,,,,,,,,,,,,,,,,,,,,,,,,,
4,E,7,1,24,24.27903427,13.65138889,,,,,,,,,,,,,,,,,,,,,,,,,,,,,,,,
4,F,7,1,49,22.2919376,13.99861111,,,,,,,,,,,,,,,,,,,,,,,,,,,,,,,,
4,G,7,1,54,20.30484093,13.64583333,,,,,,,,,,,,,,,,,,,,,,,,,,,,,,,,
4,H,7,1,44,22.51774426,13.09305556,,,,,,,,,,,,,,,,,,,,,,,,,,,,,,,,
4,A,8,1,34,23.83306611,13.85486111,,,,,,,,,,,,,,,,,,,,,,,,,,,,,,,,
4,B,8,1,46,27.04596944,13.90208333,,,,,,,,,,,,,,,,,,,,,,,,,,,,,,,,
4,C,8,1,24,25.75887277,13.94930556,,,,,,,,,,,,,,,,,,,,,,,,,,,,,,,,
4,D,8,1,33,21.4717761,13.09652778,,,,,,,,,,,,,,,,,,,,,,,,,,,,,,,,
4,E,8,1,47,23.98467943,13.84375,,,,,,,,,,,,,,,,,,,,,,,,,,,,,,,,
4,F,8,1,43,23.89758276,13.99097222,,,,,,,,,,,,,,,,,,,,,,,,,,,,,,,,
4,G,8,1,46,23.11048609,12.93819444,,,,,,,,,,,,,,,,,,,,,,,,,,,,,,,,
4,H,8,1,52,25.52338942,13.38541667,,,,,,,,,,,,,,,,,,,,,,,,,,,,,,,,
4,A,9,1,29,21.53871128,13.84722222,,,,,,,,,,,,,,,,,,,,,,,,,,,,,,,,
4,B,9,1,27,23.85161461,13.79444444,,,,,,,,,,,,,,,,,,,,,,,,,,,,,,,,
4,C,9,1,17,25.76451794,13.84166667,,,,,,,,,,,,,,,,,,,,,,,,,,,,,,,,
4,D,9,1,56,23.27742127,12.78888889,,,,,,,,,,,,,,,,,,,,,,,,,,,,,,,,
4,E,9,1,62,21.0903246,13.83611111,,,,,,,,,,,,,,,,,,,,,,,,,,,,,,,,
4,F,9,1,47,22.80322793,13.98333333,,,,,,,,,,,,,,,,,,,,,,,,,,,,,,,,
4,G,9,1,44,19.61613126,13.33055556,,,,,,,,,,,,,,,,,,,,,,,,,,,,,,,,
4,H,9,1,42,21.82903459,13.57777778,,,,,,,,,,,,,,,,,,,,,,,,,,,,,,,,
4,A,10,1,19,22.74435645,13.53958333,,,,,,,,,,,,,,,,,,,,,,,,,,,,,,,,
4,B,10,1,20,26.15725978,13.38680556,,,,,,,,,,,,,,,,,,,,,,,,,,,,,,,,
4,C,10,1,45,25.07016311,13.53402778,,,,,,,,,,,,,,,,,,,,,,,,,,,,,,,,
4,D,10,1,65,20.08306644,12.58125,,,,,,,,,,,,,,,,,,,,,,,,,,,,,,,,
4,E,10,1,62,24.49596977,13.82847222,,,,,,,,,,,,,,,,,,,,,,,,,,,,,,,,
4,F,10,1,58,22.3088731,13.67569444,,,,,,,,,,,,,,,,,,,,,,,,,,,,,,,,
4,G,10,1,61,12.82177643,13.12291667,,,,,,,,,,,,,,,,,,,,,,,,,,,,,,,,
4,H,10,1,39,21.73467976,13.07013889,,,,,,,,,,,,,,,,,,,,,,,,,,,,,,,,
4,A,11,1,24,22.05000161,13.73194444,,,,,,,,,,,,,,,,,,,,,,,,,,,,,,,,
4,B,11,1,18,24.16290494,13.77916667,,,,,,,,,,,,,,,,,,,,,,,,,,,,,,,,
4,C,11,1,26,24.37580827,13.92638889,,,,,,,,,,,,,,,,,,,,,,,,,,,,,,,,
4,D,11,1,58,20.8887116,13.07361111,,,,,,,,,,,,,,,,,,,,,,,,,,,,,,,,
4,E,11,1,67,26.00161493,13.72083333,,,,,,,,,,,,,,,,,,,,,,,,,,,,,,,,
4,F,11,1,65,23.81451826,13.46805556,,,,,,,,,,,,,,,,,,,,,,,,,,,,,,,,
4,G,11,1,63,25.52742159,13.11527778,,,,,,,,,,,,,,,,,,,,,,,,,,,,,,,,
4,H,11,1,53,23.04032492,13.0625,,,,,,,,,,,,,,,,,,,,,,,,,,,,,,,,
4,A,12,1,25,21.75564678,13.52430556,,,,,,,,,,,,,,,,,,,,,,,,,,,,,,,,
4,B,12,1,21,24.46855011,13.47152778,,,,,,,,,,,,,,,,,,,,,,,,,,,,,,,,
4,C,12,1,54,22.18145344,13.91875,,,,,,,,,,,,,,,,,,,,,,,,,,,,,,,,
4,D,12,1,60,16.99435677,13.46597222,,,,,,,,,,,,,,,,,,,,,,,,,,,,,,,,
4,E,12,1,57,25.5072601,14.21319444,,,,,,,,,,,,,,,,,,,,,,,,,,,,,,,,
4,F,12,1,60,25.92016343,13.06041667,,,,,,,,,,,,,,,,,,,,,,,,,,,,,,,,
4,G,12,1,62,20.33306676,12.80763889,,,,,,,,,,,,,,,,,,,,,,,,,,,,,,,,
4,H,12,1,69,23.54597009,13.55486111,,,,,,,,,,,,,,,,,,,,,,,,,,,,,,,,
4,A,13,1,23,23.76129195,13.61666667,,,,,,,,,,,,,,,,,,,,,,,,,,,,,,,,
4,B,13,1,28,22.87419528,13.66388889,,,,,,,,,,,,,,,,,,,,,,,,,,,,,,,,
4,C,13,1,64,21.78709861,13.91111111,,,,,,,,,,,,,,,,,,,,,,,,,,,,,,,,
4,D,13,1,72,22.00000194,13.85833333,,,,,,,,,,,,,,,,,,,,,,,,,,,,,,,,
4,E,13,1,59,22.71290527,13.90555556,,,,,,,,,,,,,,,,,,,,,,,,,,,,,,,,
4,F,13,1,56,27.5258086,13.35277778,,,,,,,,,,,,,,,,,,,,,,,,,,,,,,,,
4,G,13,1,57,19.43871193,12.9,,,,,,,,,,,,,,,,,,,,,,,,,,,,,,,,
4,H,13,1,62,23.05161525,13.74722222,,,,,,,,,,,,,,,,,,,,,,,,,,,,,,,,
4,A,14,1,32,20.76693711,13.30902778,,,,,,,,,,,,,,,,,,,,,,,,,,,,,,,,
4,B,14,1,27,22.87984044,14.05625,,,,,,,,,,,,,,,,,,,,,,,,,,,,,,,,
4,C,14,1,70,20.99274377,13.80347222,,,,,,,,,,,,,,,,,,,,,,,,,,,,,,,,
4,D,14,1,63,26.4056471,13.85069444,,,,,,,,,,,,,,,,,,,,,,,,,,,,,,,,
4,E,14,1,52,21.11855043,13.79791667,,,,,,,,,,,,,,,,,,,,,,,,,,,,,,,,
4,F,14,1,64,27.53145376,13.44513889,,,,,,,,,,,,,,,,,,,,,,,,,,,,,,,,
4,G,14,1,58,25.44435709,13.09236111,,,,,,,,,,,,,,,,,,,,,,,,,,,,,,,,
4,H,14,1,62,25.85726042,14.33958333,,,,,,,,,,,,,,,,,,,,,,,,,,,,,,,,
4,A,15,1,31,25.17258228,13.60138889,,,,,,,,,,,,,,,,,,,,,,,,,,,,,,,,
4,B,15,1,24,21.28548561,14.04861111,,,,,,,,,,,,,,,,,,,,,,,,,,,,,,,,
4,C,15,1,56,24.59838894,13.89583333,,,,,,,,,,,,,,,,,,,,,,,,,,,,,,,,
4,D,15,1,46,22.61129227,13.74305556,,,,,,,,,,,,,,,,,,,,,,,,,,,,,,,,
4,E,15,1,53,26.5241956,13.79027778,,,,,,,,,,,,,,,,,,,,,,,,,,,,,,,,
4,F,15,1,62,21.63709893,13.6375,,,,,,,,,,,,,,,,,,,,,,,,,,,,,,,,
4,G,15,1,60,26.05000226,13.48472222,,,,,,,,,,,,,,,,,,,,,,,,,,,,,,,,
4,H,15,1,65,15.86290559,13.63194444,,,,,,,,,,,,,,,,,,,,,,,,,,,,,,,,
4,A,16,1,30,21.07822745,13.79375,,,,,,,,,,,,,,,,,,,,,,,,,,,,,,,,
4,B,16,1,31,21.29113078,14.44097222,,,,,,,,,,,,,,,,,,,,,,,,,,,,,,,,
4,C,16,1,58,25.40403411,13.68819444,,,,,,,,,,,,,,,,,,,,,,,,,,,,,,,,
4,D,16,1,72,25.41693743,13.93541667,,,,,,,,,,,,,,,,,,,,,,,,,,,,,,,,
4,E,16,1,72,27.72984076,13.38263889,,,,,,,,,,,,,,,,,,,,,,,,,,,,,,,,
4,F,16,1,63,18.04274409,14.12986111,,,,,,,,,,,,,,,,,,,,,,,,,,,,,,,,
4,G,16,1,73,26.25564742,13.97708333,,,,,,,,,,,,,,,,,,,,,,,,,,,,,,,,
4,H,16,1,70,20.76855075,13.12430556,,,,,,,,,,,,,,,,,,,,,,,,,,,,,,,,
4,A,17,1,40,23.58387261,13.88611111,,,,,,,,,,,,,,,,,,,,,,,,,,,,,,,,
4,B,17,1,29,23.39677594,14.03333333,,,,,,,,,,,,,,,,,,,,,,,,,,,,,,,,
4,C,17,1,43,24.10967927,14.18055556,,,,,,,,,,,,,,,,,,,,,,,,,,,,,,,,
4,D,17,1,53,27.0225826,14.02777778,,,,,,,,,,,,,,,,,,,,,,,,,,,,,,,,
4,E,17,1,64,24.83548593,13.775,,,,,,,,,,,,,,,,,,,,,,,,,,,,,,,,
4,F,17,1,61,19.74838926,13.92222222,,,,,,,,,,,,,,,,,,,,,,,,,,,,,,,,
4,G,17,1,59,21.46129259,13.66944444,,,,,,,,,,,,,,,,,,,,,,,,,,,,,,,,
4,H,17,1,65,23.87419592,13.21666667,,,,,,,,,,,,,,,,,,,,,,,,,,,,,,,,
4,A,18,1,30,21.48951778,14.17847222,,,,,,,,,,,,,,,,,,,,,,,,,,,,,,,,
4,B,18,1,37,22.60242111,13.72569444,,,,,,,,,,,,,,,,,,,,,,,,,,,,,,,,
4,C,18,1,31,25.61532444,14.27291667,,,,,,,,,,,,,,,,,,,,,,,,,,,,,,,,
4,D,18,1,51,31.42822777,14.12013889,,,,,,,,,,,,,,,,,,,,,,,,,,,,,,,,
4,E,18,1,61,28.7411311,14.06736111,,,,,,,,,,,,,,,,,,,,,,,,,,,,,,,,
4,F,18,1,74,22.45403443,14.01458333,,,,,,,,,,,,,,,,,,,,,,,,,,,,,,,,
4,G,18,1,64,22.16693776,13.46180556,,,,,,,,,,,,,,,,,,,,,,,,,,,,,,,,
4,H,18,1,67,21.47984109,13.30902778,,,,,,,,,,,,,,,,,,,,,,,,,,,,,,,,
4,A,19,1,24,29.79516294,14.67083333,,,,,,,,,,,,,,,,,,,,,,,,,,,,,,,,
4,B,19,1,38,29.30806627,14.71805556,,,,,,,,,,,,,,,,,,,,,,,,,,,,,,,,
4,C,19,1,26,34.3209696,13.86527778,,,,,,,,,,,,,,,,,,,,,,,,,,,,,,,,
4,D,19,1,30,37.73387293,13.8125,,,,,,,,,,,,,,,,,,,,,,,,,,,,,,,,
4,E,19,1,50,26.04677626,14.35972222,,,,,,,,,,,,,,,,,,,,,,,,,,,,,,,,
4,F,19,1,61,31.85967959,13.20694444,,,,,,,,,,,,,,,,,,,,,,,,,,,,,,,,
4,G,19,1,68,23.47258292,14.35416667,,,,,,,,,,,,,,,,,,,,,,,,,,,,,,,,
4,H,19,1,64,32.88548625,14.00138889,,,,,,,,,,,,,,,,,,,,,,,,,,,,,,,,
4,A,20,1,25,34.20080811,15.36319444,,,,,,,,,,,,,,,,,,,,,,,,,,,,,,,,
4,B,20,1,32,32.97849639,14.51041667,,,,,,,,,,,,,,,,,,,,,,,,,,,,,,,,
4,C,20,1,31,35.42661477,14.05763889,,,,,,,,,,,,,,,,,,,,,,,,,,,,,,,,
4,D,20,1,46,37.0395181,14.80486111,,,,,,,,,,,,,,,,,,,,,,,,,,,,,,,,
4,E,20,1,34,37.95242143,14.15208333,,,,,,,,,,,,,,,,,,,,,,,,,,,,,,,,
4,F,20,1,63,37.96532476,13.59930556,,,,,,,,,,,,,,,,,,,,,,,,,,,,,,,,
4,G,20,1,54,31.17822809,14.04652778,,,,,,,,,,,,,,,,,,,,,,,,,,,,,,,,
4,H,20,1,75,30.09677659,13.28611111,,,,,,,,,,,,,,,,,,,,,,,,,,,,,,,,
5,A,1,0.94,38,30.15806466,15.38611111,,,,,,,,,,,,,,,,,,,,,,,,,,,,,,,,
5,B,1,0.98,30,30.76483886,15.27694444,,,,,,,,,,,,,,,,,,,,,,,,,,,,,,,,
5,C,1,0.77,23,31.25634426,14.76777778,,,,,,,,,,,,,,,,,,,,,,,,,,,,,,,,
5,D,1,0.98,42,32.47838726,14.75861111,,,,,,,,,,,,,,,,,,,,,,,,,,,,,,,,
5,E,1,0.77,38,33.08516146,15.34944444,,,,,,,,,,,,,,,,,,,,,,,,,,,,,,,,
5,F,1,0.77,29,31.79193566,15.54027778,,,,,,,,,,,,,,,,,,,,,,,,,,,,,,,,
5,G,1,0,44,27.69870986,13.03111111,,,,,,,,,,,,,,,,,,,,,,,,,,,,,,,,
5,H,1,0.64,43,28.20548406,15.22194444,,,,,,,,,,,,,,,,,,,,,,,,,,,,,,,,
5,A,2,0.34,46,33.91225826,15.61277778,,,,,,,,,,,,,,,,,,,,,,,,,,,,,,,,
5,B,2,0.87,37,29.51903246,15.30361111,,,,,,,,,,,,,,,,,,,,,,,,,,,,,,,,
5,C,2,0.94,40,30.52580666,14.89444444,,,,,,,,,,,,,,,,,,,,,,,,,,,,,,,,
5,D,2,0.94,40,23.33258086,14.78527778,,,,,,,,,,,,,,,,,,,,,,,,,,,,,,,,
5,E,2,0.98,41,25.83935506,14.97611111,,,,,,,,,,,,,,,,,,,,,,,,,,,,,,,,
5,F,2,0.94,46,29.54612926,15.36694444,,,,,,,,,,,,,,,,,,,,,,,,,,,,,,,,
5,G,2,1,30,31.55290346,15.85777778,,,,,,,,,,,,,,,,,,,,,,,,,,,,,,,,
5,H,2,0.64,49,26.45967766,16.14861111,,,,,,,,,,,,,,,,,,,,,,,,,,,,,,,,
5,A,3,0.5,42,34.16645186,15.53944444,,,,,,,,,,,,,,,,,,,,,,,,,,,,,,,,
5,B,3,0.64,36,35.47322606,15.83027778,,,,,,,,,,,,,,,,,,,,,,,,,,,,,,,,
5,C,3,0.34,48,31.78000026,15.82111111,,,,,,,,,,,,,,,,,,,,,,,,,,,,,,,,
5,D,3,0.5,32,37.98677446,15.61194444,,,,,,,,,,,,,,,,,,,,,,,,,,,,,,,,
5,E,3,0.5,39,29.79354866,15.00277778,,,,,,,,,,,,,,,,,,,,,,,,,,,,,,,,
5,F,3,0.5,46,29.00032286,14.99361111,,,,,,,,,,,,,,,,,,,,,,,,,,,,,,,,
5,G,3,0.94,35,30.90709706,15.38444444,,,,,,,,,,,,,,,,,,,,,,,,,,,,,,,,
5,H,3,0.34,35,29.31387126,15.67527778,,,,,,,,,,,,,,,,,,,,,,,,,,,,,,,,
5,A,4,0.5,35,34.42064546,15.86611111,,,,,,,,,,,,,,,,,,,,,,,,,,,,,,,,
5,B,4,0.77,31,36.72741966,15.95694444,,,,,,,,,,,,,,,,,,,,,,,,,,,,,,,,
5,C,4,0.77,44,35.33419386,15.44777778,,,,,,,,,,,,,,,,,,,,,,,,,,,,,,,,
5,D,4,0.94,35,31.84096806,15.23861111,,,,,,,,,,,,,,,,,,,,,,,,,,,,,,,,
5,E,4,0.5,42,26.04774226,15.32944444,,,,,,,,,,,,,,,,,,,,,,,,,,,,,,,,
5,F,4,0.77,50,28.55451646,15.42027778,,,,,,,,,,,,,,,,,,,,,,,,,,,,,,,,
5,G,4,1,20,31.52569926,15.21111111,,,,,,,,,,,,,,,,,,,,,,,,,,,,,,,,
5,H,4,0.5,17,NA,NA,,,,,,,,,,,,,,,,,,,,,,,,,,,,,,,,
5,A,5,0.94,42,33.67483906,15.89277778,,,,,,,,,,,,,,,,,,,,,,,,,,,,,,,,
5,B,5,0.34,37,34.28161325,16.08361111,,,,,,,,,,,,,,,,,,,,,,,,,,,,,,,,
5,C,5,0.64,40,29.28838745,15.87444444,,,,,,,,,,,,,,,,,,,,,,,,,,,,,,,,
5,D,5,0.5,46,28.89516165,15.06527778,,,,,,,,,,,,,,,,,,,,,,,,,,,,,,,,
5,E,5,0.5,47,26.50193585,15.35611111,,,,,,,,,,,,,,,,,,,,,,,,,,,,,,,,
5,F,5,0.64,39,26.90871005,15.64694444,,,,,,,,,,,,,,,,,,,,,,,,,,,,,,,,
5,G,5,1,34,35.11548425,15.53777778,,,,,,,,,,,,,,,,,,,,,,,,,,,,,,,,
5,H,5,0.5,30,31.52225845,15.32861111,,,,,,,,,,,,,,,,,,,,,,,,,,,,,,,,
5,A,6,0.5,60,32.72903265,15.81944444,,,,,,,,,,,,,,,,,,,,,,,,,,,,,,,,
5,B,6,0.87,41,32.73580685,16.11027778,,,,,,,,,,,,,,,,,,,,,,,,,,,,,,,,
5,C,6,0.98,32,28.34258105,15.80111111,,,,,,,,,,,,,,,,,,,,,,,,,,,,,,,,
5,D,6,0.64,37,31.54935525,15.59194444,,,,,,,,,,,,,,,,,,,,,,,,,,,,,,,,
5,E,6,0.64,0,29.45612945,14.98277778,,,,,,,,,,,,,,,,,,,,,,,,,,,,,,,,
5,F,6,0.94,42,23.86290365,15.37361111,,,,,,,,,,,,,,,,,,,,,,,,,,,,,,,,
5,G,6,0.34,40,29.26967785,15.06444444,,,,,,,,,,,,,,,,,,,,,,,,,,,,,,,,
5,H,6,0.94,20,32.27645205,15.15527778,,,,,,,,,,,,,,,,,,,,,,,,,,,,,,,,
5,A,7,-0.64,38,28.98322625,15.64611111,,,,,,,,,,,,,,,,,,,,,,,,,,,,,,,,
5,B,7,0,47,30.19000045,15.63694444,,,,,,,,,,,,,,,,,,,,,,,,,,,,,,,,
5,C,7,0.5,47,33.59677465,15.32777778,,,,,,,,,,,,,,,,,,,,,,,,,,,,,,,,
5,D,7,0.34,25,33.30354885,14.91861111,,,,,,,,,,,,,,,,,,,,,,,,,,,,,,,,
5,E,7,0.64,40,35.91032305,15.40944444,,,,,,,,,,,,,,,,,,,,,,,,,,,,,,,,
5,F,7,0.94,40,31.41709725,15.10027778,,,,,,,,,,,,,,,,,,,,,,,,,,,,,,,,
5,G,7,1,28,27.42387145,15.09111111,,,,,,,,,,,,,,,,,,,,,,,,,,,,,,,,
5,H,7,0.94,38,29.83064565,15.38194444,,,,,,,,,,,,,,,,,,,,,,,,,,,,,,,,
5,A,8,-0.5,43,35.43741985,15.57277778,,,,,,,,,,,,,,,,,,,,,,,,,,,,,,,,
5,B,8,0.17,29,37.54419405,15.56361111,,,,,,,,,,,,,,,,,,,,,,,,,,,,,,,,
5,C,8,0.5,30,31.55096825,15.65444444,,,,,,,,,,,,,,,,,,,,,,,,,,,,,,,,
5,D,8,0.5,40,34.65774245,15.54527778,,,,,,,,,,,,,,,,,,,,,,,,,,,,,,,,
5,E,8,0.87,42,31.06451665,15.53611111,,,,,,,,,,,,,,,,,,,,,,,,,,,,,,,,
5,F,8,1,38,27.17129085,15.42694444,,,,,,,,,,,,,,,,,,,,,,,,,,,,,,,,
5,G,8,0.64,39,31.07806505,15.81777778,,,,,,,,,,,,,,,,,,,,,,,,,,,,,,,,
5,H,8,0.5,35,30.78483925,16.10861111,,,,,,,,,,,,,,,,,,,,,,,,,,,,,,,,
5,A,9,0.34,39,22.59161345,15.39944444,,,,,,,,,,,,,,,,,,,,,,,,,,,,,,,,
5,B,9,0.34,30,30.09838765,15.59027778,,,,,,,,,,,,,,,,,,,,,,,,,,,,,,,,
5,C,9,0.64,31,30.10516185,15.38111111,,,,,,,,,,,,,,,,,,,,,,,,,,,,,,,,
5,D,9,0.77,37,34.71193605,15.47194444,,,,,,,,,,,,,,,,,,,,,,,,,,,,,,,,
5,E,9,0.77,38,29.51871025,15.16277778,,,,,,,,,,,,,,,,,,,,,,,,,,,,,,,,
5,F,9,0.77,27,31.62548445,14.85361111,,,,,,,,,,,,,,,,,,,,,,,,,,,,,,,,
5,G,9,0.34,24,25.93225865,15.04444444,,,,,,,,,,,,,,,,,,,,,,,,,,,,,,,,
5,H,9,0.5,31,34.23903285,15.23527778,,,,,,,,,,,,,,,,,,,,,,,,,,,,,,,,
5,A,10,0.34,39,31.14580705,15.62611111,,,,,,,,,,,,,,,,,,,,,,,,,,,,,,,,
5,B,10,0.5,34,26.55258125,14.71694444,,,,,,,,,,,,,,,,,,,,,,,,,,,,,,,,
5,C,10,0.64,35,30.45935545,14.70777778,,,,,,,,,,,,,,,,,,,,,,,,,,,,,,,,
5,D,10,0.64,31,29.86612965,14.89861111,,,,,,,,,,,,,,,,,,,,,,,,,,,,,,,,
5,E,10,0.77,39,30.97290385,15.08944444,,,,,,,,,,,,,,,,,,,,,,,,,,,,,,,,
5,F,10,0.77,39,27.67967805,15.28027778,,,,,,,,,,,,,,,,,,,,,,,,,,,,,,,,
5,G,10,0.5,26,27.38645225,15.17111111,,,,,,,,,,,,,,,,,,,,,,,,,,,,,,,,
5,H,10,0.5,28,31.39322645,14.86194444,,,,,,,,,,,,,,,,,,,,,,,,,,,,,,,,
5,A,11,0.64,45,19.60000065,14.45277778,,,,,,,,,,,,,,,,,,,,,,,,,,,,,,,,
5,B,11,0.94,31,28.10677484,14.84361111,,,,,,,,,,,,,,,,,,,,,,,,,,,,,,,,
5,C,11,0.87,56,30.21354904,14.73444444,,,,,,,,,,,,,,,,,,,,,,,,,,,,,,,,
5,D,11,0.77,39,27.32032324,14.62527778,,,,,,,,,,,,,,,,,,,,,,,,,,,,,,,,
5,E,11,0.64,46,27.62709744,14.61611111,,,,,,,,,,,,,,,,,,,,,,,,,,,,,,,,
5,F,11,0.87,49,33.53387164,15.10694444,,,,,,,,,,,,,,,,,,,,,,,,,,,,,,,,
5,G,11,0.34,42,29.54064584,15.39777778,,,,,,,,,,,,,,,,,,,,,,,,,,,,,,,,
5,H,11,0.5,28,30.84742004,15.18861111,,,,,,,,,,,,,,,,,,,,,,,,,,,,,,,,
5,A,12,0.64,48,23.75419424,15.07944444,,,,,,,,,,,,,,,,,,,,,,,,,,,,,,,,
5,B,12,0.5,38,32.26096844,15.47027778,,,,,,,,,,,,,,,,,,,,,,,,,,,,,,,,
5,C,12,0.34,46,27.36774264,15.16111111,,,,,,,,,,,,,,,,,,,,,,,,,,,,,,,,
5,D,12,0.64,45,30.77451684,13.95194444,,,,,,,,,,,,,,,,,,,,,,,,,,,,,,,,
5,E,12,0.64,42,24.38129104,14.74277778,,,,,,,,,,,,,,,,,,,,,,,,,,,,,,,,
5,F,12,0.64,36,23.28806524,15.13361111,,,,,,,,,,,,,,,,,,,,,,,,,,,,,,,,
5,G,12,0.5,24,23.69483944,15.02444444,,,,,,,,,,,,,,,,,,,,,,,,,,,,,,,,
5,H,12,0.5,41,29.80161364,14.71527778,,,,,,,,,,,,,,,,,,,,,,,,,,,,,,,,
5,A,13,0.34,22,24.20838784,15.00611111,,,,,,,,,,,,,,,,,,,,,,,,,,,,,,,,
5,B,13,0.5,20,29.21516204,14.49694444,,,,,,,,,,,,,,,,,,,,,,,,,,,,,,,,
5,C,13,0.77,19,32.42193624,14.98777778,,,,,,,,,,,,,,,,,,,,,,,,,,,,,,,,
5,D,13,0.5,34,26.22871044,14.77861111,,,,,,,,,,,,,,,,,,,,,,,,,,,,,,,,
5,E,13,0.64,39,26.03548464,15.06944444,,,,,,,,,,,,,,,,,,,,,,,,,,,,,,,,
5,F,13,0.34,28,24.64225884,14.66027778,,,,,,,,,,,,,,,,,,,,,,,,,,,,,,,,
5,G,13,0.64,43,28.34903304,15.25111111,,,,,,,,,,,,,,,,,,,,,,,,,,,,,,,,
5,H,13,0.34,32,30.65580724,15.24194444,,,,,,,,,,,,,,,,,,,,,,,,,,,,,,,,
5,A,14,0.34,34,19.36258144,14.83277778,,,,,,,,,,,,,,,,,,,,,,,,,,,,,,,,
5,B,14,0.5,39,25.76935564,15.12361111,,,,,,,,,,,,,,,,,,,,,,,,,,,,,,,,
5,C,14,0.34,29,41.77612984,15.21444444,,,,,,,,,,,,,,,,,,,,,,,,,,,,,,,,
5,D,14,0.5,24,35.48290404,15.00527778,,,,,,,,,,,,,,,,,,,,,,,,,,,,,,,,
5,E,14,0.64,35,31.88967824,14.89611111,,,,,,,,,,,,,,,,,,,,,,,,,,,,,,,,
5,F,14,0.34,34,33.39645244,14.68694444,,,,,,,,,,,,,,,,,,,,,,,,,,,,,,,,
5,G,14,0.5,37,28.80322664,14.27777778,,,,,,,,,,,,,,,,,,,,,,,,,,,,,,,,
5,H,14,0.34,27,33.71000084,14.46861111,,,,,,,,,,,,,,,,,,,,,,,,,,,,,,,,
5,A,15,0.5,38,37.41677504,15.15944444,,,,,,,,,,,,,,,,,,,,,,,,,,,,,,,,
5,B,15,0.5,27,29.62354924,15.15027778,,,,,,,,,,,,,,,,,,,,,,,,,,,,,,,,
5,C,15,0.34,32,36.63032344,14.84111111,,,,,,,,,,,,,,,,,,,,,,,,,,,,,,,,
5,D,15,0.64,39,30.63709764,14.43194444,,,,,,,,,,,,,,,,,,,,,,,,,,,,,,,,
5,E,15,0.34,45,29.94387184,14.92277778,,,,,,,,,,,,,,,,,,,,,,,,,,,,,,,,
5,F,15,0.34,43,28.95064604,15.11361111,,,,,,,,,,,,,,,,,,,,,,,,,,,,,,,,
5,G,15,0.34,39,25.05742024,14.70444444,,,,,,,,,,,,,,,,,,,,,,,,,,,,,,,,
5,H,15,0.34,32,19.16419444,15.49527778,,,,,,,,,,,,,,,,,,,,,,,,,,,,,,,,
5,A,16,0,27,33.27096864,15.28611111,,,,,,,,,,,,,,,,,,,,,,,,,,,,,,,,
5,B,16,0,36,34.07774284,15.07694444,,,,,,,,,,,,,,,,,,,,,,,,,,,,,,,,
5,C,16,0,36,35.08451704,15.16777778,,,,,,,,,,,,,,,,,,,,,,,,,,,,,,,,
5,D,16,0,22,31.09129124,15.25861111,,,,,,,,,,,,,,,,,,,,,,,,,,,,,,,,
5,E,16,0,24,30.69806544,15.24944444,,,,,,,,,,,,,,,,,,,,,,,,,,,,,,,,
5,F,16,0,29,30.70483964,15.04027778,,,,,,,,,,,,,,,,,,,,,,,,,,,,,,,,
5,G,16,0,24,32.61161384,15.03111111,,,,,,,,,,,,,,,,,,,,,,,,,,,,,,,,
5,H,16,0,37,31.81838804,15.02194444,,,,,,,,,,,,,,,,,,,,,,,,,,,,,,,,
5,A,17,1,41,34.12516224,15.31277778,,,,,,,,,,,,,,,,,,,,,,,,,,,,,,,,
5,B,17,0,30,35.23193643,15.30361111,,,,,,,,,,,,,,,,,,,,,,,,,,,,,,,,
5,C,17,0.34,13,32.83871063,15.29444444,,,,,,,,,,,,,,,,,,,,,,,,,,,,,,,,
5,D,17,0,20,32.34548483,15.28527778,,,,,,,,,,,,,,,,,,,,,,,,,,,,,,,,
5,E,17,0.34,23,28.15225903,15.07611111,,,,,,,,,,,,,,,,,,,,,,,,,,,,,,,,
5,F,17,0.17,26,28.05903323,14.76694444,,,,,,,,,,,,,,,,,,,,,,,,,,,,,,,,
5,G,17,-0.17,22,29.06580743,15.05777778,,,,,,,,,,,,,,,,,,,,,,,,,,,,,,,,
5,H,17,-0.94,22,28.37032357,15.44861111,,,,,,,,,,,,,,,,,,,,,,,,,,,,,,,,
5,A,18,0.99,28,26.57935583,15.83944444,,,,,,,,,,,,,,,,,,,,,,,,,,,,,,,,
5,B,18,0.17,49,28.18613003,15.93027778,,,,,,,,,,,,,,,,,,,,,,,,,,,,,,,,
5,C,18,0.34,15,28.69290423,15.62111111,,,,,,,,,,,,,,,,,,,,,,,,,,,,,,,,
5,D,18,0.34,29,27.29967843,15.01194444,,,,,,,,,,,,,,,,,,,,,,,,,,,,,,,,
5,E,18,-0.17,40,30.80645263,15.00277778,,,,,,,,,,,,,,,,,,,,,,,,,,,,,,,,
5,F,18,-0.34,24,21.81322683,14.89361111,,,,,,,,,,,,,,,,,,,,,,,,,,,,,,,,
5,G,18,-0.17,43,29.82000103,15.28444444,,,,,,,,,,,,,,,,,,,,,,,,,,,,,,,,
5,H,18,-0.5,23,24.22677523,15.27527778,,,,,,,,,,,,,,,,,,,,,,,,,,,,,,,,
5,A,19,0.5,37,36.03354943,15.66611111,,,,,,,,,,,,,,,,,,,,,,,,,,,,,,,,
5,B,19,0.17,39,22.94032363,14.95694444,,,,,,,,,,,,,,,,,,,,,,,,,,,,,,,,
5,C,19,-0.34,30,29.14709783,15.14777778,,,,,,,,,,,,,,,,,,,,,,,,,,,,,,,,
5,D,19,0.17,33,27.55387203,15.13861111,,,,,,,,,,,,,,,,,,,,,,,,,,,,,,,,
5,E,19,0.17,20,25.26064623,14.92944444,,,,,,,,,,,,,,,,,,,,,,,,,,,,,,,,
5,F,19,0,38,24.06742043,15.52027778,,,,,,,,,,,,,,,,,,,,,,,,,,,,,,,,
5,G,19,-0.17,29,21.47419463,15.41111111,,,,,,,,,,,,,,,,,,,,,,,,,,,,,,,,
5,H,19,-0.34,27,27.68096883,15.10194444,,,,,,,,,,,,,,,,,,,,,,,,,,,,,,,,
5,A,20,0.5,26,23.78774303,15.09277778,,,,,,,,,,,,,,,,,,,,,,,,,,,,,,,,
5,B,20,0.17,25,22.49451723,14.88361111,,,,,,,,,,,,,,,,,,,,,,,,,,,,,,,,
5,C,20,0.34,37,21.40129143,14.87444444,,,,,,,,,,,,,,,,,,,,,,,,,,,,,,,,
5,D,20,0.34,41,23.50806563,15.06527778,,,,,,,,,,,,,,,,,,,,,,,,,,,,,,,,
5,E,20,0.34,25,27.41483983,14.55611111,,,,,,,,,,,,,,,,,,,,,,,,,,,,,,,,
5,F,20,0.17,20,24.65601426,14.44694444,,,,,,,,,,,,,,,,,,,,,,,,,,,,,,,,
5,G,20,0.34,28,21.01458786,14.53777778,,,,,,,,,,,,,,,,,,,,,,,,,,,,,,,,
5,H,20,-0.94,30,26.64193663,15.11944444,,,,,,,,,,,,,,,,,,,,,,,,,,,,,,,,
6,A,1,0.77,73,NA,NA,,,,,,,,,,,,,,,,,,,,,,,,,,,,,,,,
6,B,1,0.77,47,26.54284398,14.12637153,,,,,,,,,,,,,,,,,,,,,,,,,,,,,,,,
6,C,1,0.5,49,27.9918158,14.31663194,,,,,,,,,,,,,,,,,,,,,,,,,,,,,,,,
6,D,1,0.77,37,24.99901339,14.90689236,,,,,,,,,,,,,,,,,,,,,,,,,,,,,,,,
6,E,1,0.34,41,26.80621097,15.19715278,,,,,,,,,,,,,,,,,,,,,,,,,,,,,,,,
6,F,1,0.77,47,31.01340856,14.98741319,,,,,,,,,,,,,,,,,,,,,,,,,,,,,,,,
6,G,1,0.5,36,22.72060615,14.97767361,,,,,,,,,,,,,,,,,,,,,,,,,,,,,,,,
6,H,1,0.64,35,27.82780374,14.46793403,,,,,,,,,,,,,,,,,,,,,,,,,,,,,,,,
6,A,2,0.77,58,32.03500132,14.25819444,,,,,,,,,,,,,,,,,,,,,,,,,,,,,,,,
6,B,2,0.34,68,29.14219891,14.64845486,,,,,,,,,,,,,,,,,,,,,,,,,,,,,,,,
6,C,2,0.64,43,26.1493965,14.93871528,,,,,,,,,,,,,,,,,,,,,,,,,,,,,,,,
6,D,2,0.77,49,24.75659408,15.32897569,,,,,,,,,,,,,,,,,,,,,,,,,,,,,,,,
6,E,2,0.77,41,24.96379167,15.31923611,,,,,,,,,,,,,,,,,,,,,,,,,,,,,,,,
6,F,2,0.34,50,26.07098926,15.40949653,,,,,,,,,,,,,,,,,,,,,,,,,,,,,,,,
6,G,2,0.34,56,28.17818685,14.79975694,,,,,,,,,,,,,,,,,,,,,,,,,,,,,,,,
6,H,2,0.64,40,24.28538443,14.49001736,,,,,,,,,,,,,,,,,,,,,,,,,,,,,,,,
6,A,3,0.77,45,26.69258202,14.18027778,,,,,,,,,,,,,,,,,,,,,,,,,,,,,,,,
6,B,3,0.34,51,25.59977961,14.47053819,,,,,,,,,,,,,,,,,,,,,,,,,,,,,,,,
6,C,3,0.64,56,24.9069772,14.66079861,,,,,,,,,,,,,,,,,,,,,,,,,,,,,,,,
6,D,3,0.64,41,25.91417478,14.35105903,,,,,,,,,,,,,,,,,,,,,,,,,,,,,,,,
6,E,3,0,37,22.52137237,14.94131944,,,,,,,,,,,,,,,,,,,,,,,,,,,,,,,,
6,F,3,0.64,34,29.92856996,15.03157986,,,,,,,,,,,,,,,,,,,,,,,,,,,,,,,,
6,G,3,0.87,45,30.03576754,15.12184028,,,,,,,,,,,,,,,,,,,,,,,,,,,,,,,,
6,H,3,0.64,30,27.74296513,15.01210069,,,,,,,,,,,,,,,,,,,,,,,,,,,,,,,,
6,A,4,0.87,33,27.45016272,14.30236111,,,,,,,,,,,,,,,,,,,,,,,,,,,,,,,,
6,B,4,0.5,42,31.25736031,14.29262153,,,,,,,,,,,,,,,,,,,,,,,,,,,,,,,,
6,C,4,0.64,76,24.16455789,14.18288194,,,,,,,,,,,,,,,,,,,,,,,,,,,,,,,,
6,D,4,0.64,65,26.97175548,14.47314236,,,,,,,,,,,,,,,,,,,,,,,,,,,,,,,,
6,E,4,0.5,38,20.47895307,14.76340278,,,,,,,,,,,,,,,,,,,,,,,,,,,,,,,,
6,F,4,0.64,40,28.48615066,14.65366319,,,,,,,,,,,,,,,,,,,,,,,,,,,,,,,,
6,G,4,0.77,37,25.39334824,14.24392361,,,,,,,,,,,,,,,,,,,,,,,,,,,,,,,,
6,H,4,0.77,39,24.90054583,15.73418403,,,,,,,,,,,,,,,,,,,,,,,,,,,,,,,,
6,A,5,0.87,29,28.50774342,14.82444444,,,,,,,,,,,,,,,,,,,,,,,,,,,,,,,,
6,B,5,0.64,40,26.514941,14.91470486,,,,,,,,,,,,,,,,,,,,,,,,,,,,,,,,
6,C,5,0.87,66,24.42213859,14.20496528,,,,,,,,,,,,,,,,,,,,,,,,,,,,,,,,
6,D,5,0.77,65,26.52933618,15.19522569,,,,,,,,,,,,,,,,,,,,,,,,,,,,,,,,
6,E,5,0.94,34,22.13653377,15.08548611,,,,,,,,,,,,,,,,,,,,,,,,,,,,,,,,
6,F,5,0.64,31,18.64373135,14.57574653,,,,,,,,,,,,,,,,,,,,,,,,,,,,,,,,
6,G,5,0.77,72,32.25092894,14.16600694,,,,,,,,,,,,,,,,,,,,,,,,,,,,,,,,
6,H,5,0.77,41,28.65812653,14.15626736,,,,,,,,,,,,,,,,,,,,,,,,,,,,,,,,
6,A,6,0.87,26,28.50105664,14.14652778,,,,,,,,,,,,,,,,,,,,,,,,,,,,,,,,
6,B,6,0.64,30,27.5725217,13.83678819,,,,,,,,,,,,,,,,,,,,,,,,,,,,,,,,
6,C,6,0.77,27,26.07971929,13.82704861,,,,,,,,,,,,,,,,,,,,,,,,,,,,,,,,
6,D,6,0.77,31,30.98691688,14.11730903,,,,,,,,,,,,,,,,,,,,,,,,,,,,,,,,
6,E,6,0.77,26,27.39411446,14.10756944,,,,,,,,,,,,,,,,,,,,,,,,,,,,,,,,
6,F,6,0.87,17,29.40131205,14.09782986,,,,,,,,,,,,,,,,,,,,,,,,,,,,,,,,
6,G,6,0.77,28,26.50850964,13.68809028,,,,,,,,,,,,,,,,,,,,,,,,,,,,,,,,
6,H,6,0.77,19,26.31570723,13.87835069,,,,,,,,,,,,,,,,,,,,,,,,,,,,,,,,
6,A,7,-0.17,40,29.42290481,13.76861111,,,,,,,,,,,,,,,,,,,,,,,,,,,,,,,,
6,B,7,0.5,28,23.3301024,14.05887153,,,,,,,,,,,,,,,,,,,,,,,,,,,,,,,,
6,C,7,0.64,33,23.23729999,13.94913194,,,,,,,,,,,,,,,,,,,,,,,,,,,,,,,,
6,D,7,0.77,43,24.24449758,14.53939236,,,,,,,,,,,,,,,,,,,,,,,,,,,,,,,,
6,E,7,0.77,33,28.45169516,14.92965278,,,,,,,,,,,,,,,,,,,,,,,,,,,,,,,,
6,F,7,0.64,20,26.05889275,14.41991319,,,,,,,,,,,,,,,,,,,,,,,,,,,,,,,,
6,G,7,0,27,18.76609034,15.41017361,,,,,,,,,,,,,,,,,,,,,,,,,,,,,,,,
6,H,7,0.34,21,27.97328792,14.10043403,,,,,,,,,,,,,,,,,,,,,,,,,,,,,,,,
6,A,8,0.17,35,28.98048551,13.99069444,,,,,,,,,,,,,,,,,,,,,,,,,,,,,,,,
6,B,8,0.64,37,28.7876831,13.88095486,,,,,,,,,,,,,,,,,,,,,,,,,,,,,,,,
6,C,8,0.64,43,23.09488069,14.27121528,,,,,,,,,,,,,,,,,,,,,,,,,,,,,,,,
6,D,8,0.77,32,22.90207827,14.66147569,,,,,,,,,,,,,,,,,,,,,,,,,,,,,,,,
6,E,8,0.5,35,24.30927586,14.35173611,,,,,,,,,,,,,,,,,,,,,,,,,,,,,,,,
6,F,8,0.5,22,28.81647345,14.24199653,,,,,,,,,,,,,,,,,,,,,,,,,,,,,,,,
6,G,8,-0.17,24,24.42367104,13.83225694,,,,,,,,,,,,,,,,,,,,,,,,,,,,,,,,
6,H,8,0.34,30,28.53086862,13.72251736,,,,,,,,,,,,,,,,,,,,,,,,,,,,,,,,
6,A,9,0.5,34,27.23806621,14.01277778,,,,,,,,,,,,,,,,,,,,,,,,,,,,,,,,
6,B,9,0.5,45,26.4452638,13.90303819,,,,,,,,,,,,,,,,,,,,,,,,,,,,,,,,
6,C,9,0.64,43,31.05246138,13.99329861,,,,,,,,,,,,,,,,,,,,,,,,,,,,,,,,
6,D,9,0.77,43,27.95965897,13.88355903,,,,,,,,,,,,,,,,,,,,,,,,,,,,,,,,
6,E,9,0.64,42,25.36685656,14.77381944,,,,,,,,,,,,,,,,,,,,,,,,,,,,,,,,
6,F,9,0.5,28,26.27405415,14.16407986,,,,,,,,,,,,,,,,,,,,,,,,,,,,,,,,
6,G,9,0.64,23,24.68125173,14.25434028,,,,,,,,,,,,,,,,,,,,,,,,,,,,,,,,
6,H,9,0.77,31,27.78844932,13.94460069,,,,,,,,,,,,,,,,,,,,,,,,,,,,,,,,
6,A,10,0.5,44,30.39564691,14.13486111,,,,,,,,,,,,,,,,,,,,,,,,,,,,,,,,
6,B,10,0.5,26,27.5028445,13.82512153,,,,,,,,,,,,,,,,,,,,,,,,,,,,,,,,
6,C,10,0.64,32,24.71004208,14.01538194,,,,,,,,,,,,,,,,,,,,,,,,,,,,,,,,
6,D,10,0.64,45,26.31723967,13.80564236,,,,,,,,,,,,,,,,,,,,,,,,,,,,,,,,
6,E,10,0.17,32,24.42443726,13.79590278,,,,,,,,,,,,,,,,,,,,,,,,,,,,,,,,
6,F,10,0.5,34,27.53163484,13.78616319,,,,,,,,,,,,,,,,,,,,,,,,,,,,,,,,
6,G,10,0.34,35,29.93883243,13.57642361,,,,,,,,,,,,,,,,,,,,,,,,,,,,,,,,
6,H,10,0.77,30,30.24603002,13.76668403,,,,,,,,,,,,,,,,,,,,,,,,,,,,,,,,
6,A,11,0.5,51,29.85322761,13.75694444,,,,,,,,,,,,,,,,,,,,,,,,,,,,,,,,
6,B,11,0.77,51,29.36042519,13.64720486,,,,,,,,,,,,,,,,,,,,,,,,,,,,,,,,
6,C,11,0.5,52,33.46762278,13.73746528,,,,,,,,,,,,,,,,,,,,,,,,,,,,,,,,
6,D,11,0.34,50,22.77482037,14.02772569,,,,,,,,,,,,,,,,,,,,,,,,,,,,,,,,
6,E,11,0.34,39,26.38201796,13.81798611,,,,,,,,,,,,,,,,,,,,,,,,,,,,,,,,
6,F,11,-0.34,30,28.68921554,13.60824653,,,,,,,,,,,,,,,,,,,,,,,,,,,,,,,,
6,G,11,0.17,27,27.39641313,13.29850694,,,,,,,,,,,,,,,,,,,,,,,,,,,,,,,,
6,H,11,0.64,51,27.70361072,13.48876736,,,,,,,,,,,,,,,,,,,,,,,,,,,,,,,,
6,A,12,0.34,51,28.9108083,13.97902778,,,,,,,,,,,,,,,,,,,,,,,,,,,,,,,,
6,B,12,0.34,47,30.21800589,13.66928819,,,,,,,,,,,,,,,,,,,,,,,,,,,,,,,,
6,C,12,0.34,28,25.52520348,14.05954861,,,,,,,,,,,,,,,,,,,,,,,,,,,,,,,,
6,D,12,0.64,36,27.23240107,14.44980903,,,,,,,,,,,,,,,,,,,,,,,,,,,,,,,,
6,E,12,0.5,39,26.83959865,14.14006944,,,,,,,,,,,,,,,,,,,,,,,,,,,,,,,,
6,F,12,0.5,31,28.14679624,14.13032986,,,,,,,,,,,,,,,,,,,,,,,,,,,,,,,,
6,G,12,0.34,52,25.95399383,13.62059028,,,,,,,,,,,,,,,,,,,,,,,,,,,,,,,,
6,H,12,0.34,50,24.36119142,13.61085069,,,,,,,,,,,,,,,,,,,,,,,,,,,,,,,,
6,A,13,0.5,66,28.968389,13.60111111,,,,,,,,,,,,,,,,,,,,,,,,,,,,,,,,
6,B,13,0.5,42,29.07558659,14.49137153,,,,,,,,,,,,,,,,,,,,,,,,,,,,,,,,
6,C,13,0.5,27,27.48278418,13.88163194,,,,,,,,,,,,,,,,,,,,,,,,,,,,,,,,
6,D,13,0.64,31,33.18998176,13.87189236,,,,,,,,,,,,,,,,,,,,,,,,,,,,,,,,
6,E,13,0.34,23,33.09717935,13.96215278,,,,,,,,,,,,,,,,,,,,,,,,,,,,,,,,
6,F,13,0.64,23,28.00437694,14.55241319,,,,,,,,,,,,,,,,,,,,,,,,,,,,,,,,
6,G,13,0.77,34,23.91157453,14.54267361,,,,,,,,,,,,,,,,,,,,,,,,,,,,,,,,
6,H,13,0.5,35,27.51877211,14.23293403,,,,,,,,,,,,,,,,,,,,,,,,,,,,,,,,
6,A,14,0.87,28,32.4259697,14.22319444,,,,,,,,,,,,,,,,,,,,,,,,,,,,,,,,
6,B,14,0.34,39,28.83316729,14.31345486,,,,,,,,,,,,,,,,,,,,,,,,,,,,,,,,
6,C,14,0.34,31,23.44036488,14.40371528,,,,,,,,,,,,,,,,,,,,,,,,,,,,,,,,
6,D,14,0.77,28,31.64756246,13.69397569,,,,,,,,,,,,,,,,,,,,,,,,,,,,,,,,
6,E,14,0.5,30,31.45476005,13.88423611,,,,,,,,,,,,,,,,,,,,,,,,,,,,,,,,
6,F,14,0.94,48,28.16195764,13.47449653,,,,,,,,,,,,,,,,,,,,,,,,,,,,,,,,
6,G,14,0.64,28,30.96915523,13.86475694,,,,,,,,,,,,,,,,,,,,,,,,,,,,,,,,
6,H,14,0.5,28,27.87635281,13.95501736,,,,,,,,,,,,,,,,,,,,,,,,,,,,,,,,
6,A,15,0.5,21,28.1835504,13.14527778,,,,,,,,,,,,,,,,,,,,,,,,,,,,,,,,
6,B,15,0.34,31,24.89074799,13.63553819,,,,,,,,,,,,,,,,,,,,,,,,,,,,,,,,
6,C,15,0.5,33,22.19794557,13.72579861,,,,,,,,,,,,,,,,,,,,,,,,,,,,,,,,
6,D,15,0.77,28,25.60514316,14.01605903,,,,,,,,,,,,,,,,,,,,,,,,,,,,,,,,
6,E,15,0.17,32,29.81234075,14.50631944,,,,,,,,,,,,,,,,,,,,,,,,,,,,,,,,
6,F,15,0.77,39,29.41953834,14.89657986,,,,,,,,,,,,,,,,,,,,,,,,,,,,,,,,
6,G,15,0.77,30,29.62673592,14.68684028,,,,,,,,,,,,,,,,,,,,,,,,,,,,,,,,
6,H,15,0.77,50,25.53393351,12.57710069,,,,,,,,,,,,,,,,,,,,,,,,,,,,,,,,
6,A,16,0.64,16,19.3411311,14.76736111,,,,,,,,,,,,,,,,,,,,,,,,,,,,,,,,
6,B,16,0.77,15,20.34832869,16.35762153,,,,,,,,,,,,,,,,,,,,,,,,,,,,,,,,
6,C,16,0.5,18,18.65552627,13.14788194,,,,,,,,,,,,,,,,,,,,,,,,,,,,,,,,
6,D,16,0.5,21,25.06272386,14.03814236,,,,,,,,,,,,,,,,,,,,,,,,,,,,,,,,
6,E,16,0.64,57,21.96992145,14.22840278,,,,,,,,,,,,,,,,,,,,,,,,,,,,,,,,
6,F,16,0.34,49,31.27711903,14.41866319,,,,,,,,,,,,,,,,,,,,,,,,,,,,,,,,
6,G,16,0.77,43,27.68431662,14.10892361,,,,,,,,,,,,,,,,,,,,,,,,,,,,,,,,
6,H,16,0.77,56,28.49151421,14.09918403,,,,,,,,,,,,,,,,,,,,,,,,,,,,,,,,
6,A,17,0.77,30,19.8987118,15.08944444,,,,,,,,,,,,,,,,,,,,,,,,,,,,,,,,
6,B,17,0.34,25,20.65590938,13.87970486,,,,,,,,,,,,,,,,,,,,,,,,,,,,,,,,
6,C,17,0.34,20,20.61310697,13.56996528,,,,,,,,,,,,,,,,,,,,,,,,,,,,,,,,
6,D,17,0.5,31,22.57030456,13.36022569,,,,,,,,,,,,,,,,,,,,,,,,,,,,,,,,
6,E,17,0.34,24,26.12750215,19.65048611,,,,,,,,,,,,,,,,,,,,,,,,,,,,,,,,
6,F,17,0.64,30,26.18469973,14.64074653,,,,,,,,,,,,,,,,,,,,,,,,,,,,,,,,
6,G,17,0.34,22,29.34189732,15.03100694,,,,,,,,,,,,,,,,,,,,,,,,,,,,,,,,
6,H,17,0.87,32,31.14909491,14.32126736,,,,,,,,,,,,,,,,,,,,,,,,,,,,,,,,
6,A,18,0.5,32,20.75629249,13.31152778,,,,,,,,,,,,,,,,,,,,,,,,,,,,,,,,
6,B,18,0.5,35,26.26349008,13.30178819,,,,,,,,,,,,,,,,,,,,,,,,,,,,,,,,
6,C,18,0.5,18,21.27068767,13.19204861,,,,,,,,,,,,,,,,,,,,,,,,,,,,,,,,
6,D,18,0.5,24,22.97788526,13.78230903,,,,,,,,,,,,,,,,,,,,,,,,,,,,,,,,
6,E,18,0.5,22,25.98508284,14.37256944,,,,,,,,,,,,,,,,,,,,,,,,,,,,,,,,
6,F,18,0.34,18,17.99228043,13.96282986,,,,,,,,,,,,,,,,,,,,,,,,,,,,,,,,
6,G,18,0.34,37,23.49947802,15.15309028,,,,,,,,,,,,,,,,,,,,,,,,,,,,,,,,
6,H,18,0.34,17,28.60427641,14.74335069,,,,,,,,,,,,,,,,,,,,,,,,,,,,,,,,
6,A,19,0.64,36,22.31387319,14.23361111,,,,,,,,,,,,,,,,,,,,,,,,,,,,,,,,
6,B,19,0.64,45,16.02107078,14.42387153,,,,,,,,,,,,,,,,,,,,,,,,,,,,,,,,
6,C,19,0.77,26,21.42826837,14.81413194,,,,,,,,,,,,,,,,,,,,,,,,,,,,,,,,
6,D,19,0.64,24,30.33546595,14.50439236,,,,,,,,,,,,,,,,,,,,,,,,,,,,,,,,
6,E,19,0.5,20,28.04266354,14.69465278,,,,,,,,,,,,,,,,,,,,,,,,,,,,,,,,
6,F,19,0.77,27,22.44986113,14.08491319,,,,,,,,,,,,,,,,,,,,,,,,,,,,,,,,
6,G,19,0.77,23,27.85705872,14.37517361,,,,,,,,,,,,,,,,,,,,,,,,,,,,,,,,
6,H,19,0.77,23,31.1642563,14.36543403,,,,,,,,,,,,,,,,,,,,,,,,,,,,,,,,
6,A,20,0.64,30,28.97145389,13.95569444,,,,,,,,,,,,,,,,,,,,,,,,,,,,,,,,
6,B,20,0.77,23,18.87865148,14.74595486,,,,,,,,,,,,,,,,,,,,,,,,,,,,,,,,
6,C,20,0.77,17,24.98584907,14.73621528,,,,,,,,,,,,,,,,,,,,,,,,,,,,,,,,
6,D,20,0.87,56,26.79304665,14.42647569,,,,,,,,,,,,,,,,,,,,,,,,,,,,,,,,
6,E,20,0,32,29.70024424,14.21673611,,,,,,,,,,,,,,,,,,,,,,,,,,,,,,,,
6,F,20,0.34,20,32.00744183,14.20699653,,,,,,,,,,,,,,,,,,,,,,,,,,,,,,,,
6,G,20,0.77,18,30.21463941,13.39725694,,,,,,,,,,,,,,,,,,,,,,,,,,,,,,,,
6,H,20,0.5,20,25.82903459,14.17777778,,,,,,,,,,,,,,,,,,,,,,,,,,,,,,,,
7,A,1,0.5,0,NA,NA,,,,,,,,,,,,,,,,,,,,,,,,,,,,,,,,
7,B,1,0.64,0,NA,NA,,,,,,,,,,,,,,,,,,,,,,,,,,,,,,,,
7,C,1,0.77,35,42.72532528,13.04152778,,,,,,,,,,,,,,,,,,,,,,,,,,,,,,,,
7,D,1,0.94,51,37.63153496,13.833125,,,,,,,,,,,,,,,,,,,,,,,,,,,,,,,,
7,E,1,0.64,43,32.23774464,13.42472222,,,,,,,,,,,,,,,,,,,,,,,,,,,,,,,,
7,F,1,0.94,44,36.34395433,13.81631944,,,,,,,,,,,,,,,,,,,,,,,,,,,,,,,,
7,G,1,0.94,37,32.35016401,14.90791667,,,,,,,,,,,,,,,,,,,,,,,,,,,,,,,,
7,H,1,0.77,35,34.45637369,13.79951389,,,,,,,,,,,,,,,,,,,,,,,,,,,,,,,,
7,A,2,0.87,0,NA,NA,,,,,,,,,,,,,,,,,,,,,,,,,,,,,,,,
7,B,2,0.87,56,34.86879306,13.58270833,,,,,,,,,,,,,,,,,,,,,,,,,,,,,,,,
7,C,2,0.87,30,37.37500274,13.27430556,,,,,,,,,,,,,,,,,,,,,,,,,,,,,,,,
7,D,2,0.87,43,32.98121243,14.06590278,,,,,,,,,,,,,,,,,,,,,,,,,,,,,,,,
7,E,2,0.77,60,29.38742211,13.2575,,,,,,,,,,,,,,,,,,,,,,,,,,,,,,,,
7,F,2,0.64,42,34.09363179,14.74909722,,,,,,,,,,,,,,,,,,,,,,,,,,,,,,,,
7,G,2,0.64,55,33.59984147,14.84069444,,,,,,,,,,,,,,,,,,,,,,,,,,,,,,,,
7,H,2,0.64,52,31.80605116,14.23229167,,,,,,,,,,,,,,,,,,,,,,,,,,,,,,,,
7,A,3,0.5,24,42.31226084,13.52388889,,,,,,,,,,,,,,,,,,,,,,,,,,,,,,,,
7,B,3,0.87,34,38.41847052,14.51548611,,,,,,,,,,,,,,,,,,,,,,,,,,,,,,,,
7,C,3,0.64,48,32.62468021,13.90708333,,,,,,,,,,,,,,,,,,,,,,,,,,,,,,,,
7,D,3,0.98,41,36.13088989,13.59868056,,,,,,,,,,,,,,,,,,,,,,,,,,,,,,,,
7,E,3,0.64,37,26.53709957,13.09027778,,,,,,,,,,,,,,,,,,,,,,,,,,,,,,,,
7,F,3,0.77,27,34.79330926,12.881875,,,,,,,,,,,,,,,,,,,,,,,,,,,,,,,,
7,G,3,0.77,32,37.74951894,12.97347222,,,,,,,,,,,,,,,,,,,,,,,,,,,,,,,,
7,H,3,0.77,38,34.15572862,13.36506944,,,,,,,,,,,,,,,,,,,,,,,,,,,,,,,,
7,A,4,0.77,32,36.96193831,13.15666667,,,,,,,,,,,,,,,,,,,,,,,,,,,,,,,,
7,B,4,0.64,47,35.06814799,14.54826389,,,,,,,,,,,,,,,,,,,,,,,,,,,,,,,,
7,C,4,0.77,42,35.67435767,15.73986111,,,,,,,,,,,,,,,,,,,,,,,,,,,,,,,,
7,D,4,0.87,33,36.88056736,14.83145833,,,,,,,,,,,,,,,,,,,,,,,,,,,,,,,,
7,E,4,0.5,21,29.48677704,13.92305556,,,,,,,,,,,,,,,,,,,,,,,,,,,,,,,,
7,F,4,0.5,30,40.79298672,13.51465278,,,,,,,,,,,,,,,,,,,,,,,,,,,,,,,,
7,G,4,0.77,32,36.6991964,12.2375,,,,,,,,,,,,,,,,,,,,,,,,,,,,,,,,
7,H,4,0.77,45,29.20540609,12.13597222,,,,,,,,,,,,,,,,,,,,,,,,,,,,,,,,
7,A,5,0.64,39,35.91161577,11.83444444,,,,,,,,,,,,,,,,,,,,,,,,,,,,,,,,
7,B,5,0.64,51,37.81782545,11.43291667,,,,,,,,,,,,,,,,,,,,,,,,,,,,,,,,
7,C,5,0.87,46,34.42403514,12.43138889,,,,,,,,,,,,,,,,,,,,,,,,,,,,,,,,
7,D,5,0.98,36,34.23024482,12.32986111,,,,,,,,,,,,,,,,,,,,,,,,,,,,,,,,
7,E,5,0.5,30,41.2364545,14.02833333,,,,,,,,,,,,,,,,,,,,,,,,,,,,,,,,
7,F,5,0.77,41,39.34266419,13.32680556,,,,,,,,,,,,,,,,,,,,,,,,,,,,,,,,
7,G,5,0.77,36,34.24887387,12.62527778,,,,,,,,,,,,,,,,,,,,,,,,,,,,,,,,
7,H,5,0.64,26,34.05508355,12.42375,,,,,,,,,,,,,,,,,,,,,,,,,,,,,,,,
7,A,6,0.5,42,40.36129324,11.92222222,,,,,,,,,,,,,,,,,,,,,,,,,,,,,,,,
7,B,6,0.5,46,39.06750292,12.72069444,,,,,,,,,,,,,,,,,,,,,,,,,,,,,,,,
7,C,6,0.77,10,39.5237126,12.91916667,,,,,,,,,,,,,,,,,,,,,,,,,,,,,,,,
7,D,6,0.64,31,44.47992229,11.41763889,,,,,,,,,,,,,,,,,,,,,,,,,,,,,,,,
7,E,6,0.34,37,43.58613197,12.61611111,,,,,,,,,,,,,,,,,,,,,,,,,,,,,,,,
7,F,6,0.5,53,36.29234165,13.41458333,,,,,,,,,,,,,,,,,,,,,,,,,,,,,,,,
7,G,6,0.64,40,32.89855134,13.71305556,,,,,,,,,,,,,,,,,,,,,,,,,,,,,,,,
7,H,6,0.77,48,31.10476102,12.21152778,,,,,,,,,,,,,,,,,,,,,,,,,,,,,,,,
7,A,7,0.64,37,35.2109707,13.51,,,,,,,,,,,,,,,,,,,,,,,,,,,,,,,,
7,B,7,0.64,13,33.51718038,14.20847222,,,,,,,,,,,,,,,,,,,,,,,,,,,,,,,,
7,C,7,0.98,47,40.12339007,11.90694444,,,,,,,,,,,,,,,,,,,,,,,,,,,,,,,,
7,D,7,0.94,44,38.72959975,11.70541667,,,,,,,,,,,,,,,,,,,,,,,,,,,,,,,,
7,E,7,0.77,49,36.63580943,12.60388889,,,,,,,,,,,,,,,,,,,,,,,,,,,,,,,,
7,F,7,0.64,53,35.34201912,12.70236111,,,,,,,,,,,,,,,,,,,,,,,,,,,,,,,,
7,G,7,0.77,47,31.9482288,13.10083333,,,,,,,,,,,,,,,,,,,,,,,,,,,,,,,,
7,H,7,0.94,41,34.35443848,14.49930556,,,,,,,,,,,,,,,,,,,,,,,,,,,,,,,,
7,A,8,0.87,42,34.26064817,13.89777778,,,,,,,,,,,,,,,,,,,,,,,,,,,,,,,,
7,B,8,0.77,38,30.96685785,14.09625,,,,,,,,,,,,,,,,,,,,,,,,,,,,,,,,
7,C,8,0.5,46,32.27306753,10.39472222,,,,,,,,,,,,,,,,,,,,,,,,,,,,,,,,
7,D,8,0.5,49,36.37927722,11.79319444,,,,,,,,,,,,,,,,,,,,,,,,,,,,,,,,
7,E,8,0.64,34,35.3854869,14.19166667,,,,,,,,,,,,,,,,,,,,,,,,,,,,,,,,
7,F,8,0.64,35,29.69169658,13.79013889,,,,,,,,,,,,,,,,,,,,,,,,,,,,,,,,
7,G,8,0.77,43,37.19790627,13.98861111,,,,,,,,,,,,,,,,,,,,,,,,,,,,,,,,
7,H,8,0.94,31,34.10411595,13.88708333,,,,,,,,,,,,,,,,,,,,,,,,,,,,,,,,
7,A,9,0.5,45,34.91032563,13.18555556,,,,,,,,,,,,,,,,,,,,,,,,,,,,,,,,
7,B,9,0.94,57,23.81653531,12.08402778,,,,,,,,,,,,,,,,,,,,,,,,,,,,,,,,
7,C,9,0.77,51,32.022745,11.9825,,,,,,,,,,,,,,,,,,,,,,,,,,,,,,,,
7,D,9,0.5,33,38.92895468,12.98097222,,,,,,,,,,,,,,,,,,,,,,,,,,,,,,,,
7,E,9,0.77,48,38.73516436,13.07944444,,,,,,,,,,,,,,,,,,,,,,,,,,,,,,,,
7,F,9,0.77,49,33.94137405,13.27791667,,,,,,,,,,,,,,,,,,,,,,,,,,,,,,,,
7,G,9,0.87,40,33.34758373,13.87638889,,,,,,,,,,,,,,,,,,,,,,,,,,,,,,,,
7,H,9,0.77,0,NA,NA,,,,,,,,,,,,,,,,,,,,,,,,,,,,,,,,
7,A,10,0.64,46,18.4600031,12.37333333,,,,,,,,,,,,,,,,,,,,,,,,,,,,,,,,
7,B,10,0.77,51,23.46621278,12.57180556,,,,,,,,,,,,,,,,,,,,,,,,,,,,,,,,
7,C,10,0.87,31,35.47242246,12.87027778,,,,,,,,,,,,,,,,,,,,,,,,,,,,,,,,
7,D,10,0.64,33,34.37863215,13.76875,,,,,,,,,,,,,,,,,,,,,,,,,,,,,,,,
7,E,10,0.77,53,39.68484183,13.76722222,,,,,,,,,,,,,,,,,,,,,,,,,,,,,,,,
7,F,10,0.77,41,37.79105151,14.06569444,,,,,,,,,,,,,,,,,,,,,,,,,,,,,,,,
7,G,10,0.77,0,NA,NA,,,,,,,,,,,,,,,,,,,,,,,,,,,,,,,,
7,H,10,0.94,0,NA,NA,,,,,,,,,,,,,,,,,,,,,,,,,,,,,,,,
7,A,11,0.5,57,31.70968056,12.36111111,,,,,,,,,,,,,,,,,,,,,,,,,,,,,,,,
7,B,11,0.77,49,35.71589025,14.15958333,,,,,,,,,,,,,,,,,,,,,,,,,,,,,,,,
7,C,11,0.94,35,39.12209993,13.35805556,,,,,,,,,,,,,,,,,,,,,,,,,,,,,,,,
7,D,11,0.87,53,40.62830961,13.55652778,,,,,,,,,,,,,,,,,,,,,,,,,,,,,,,,
7,E,11,0.64,39,40.93451929,12.955,,,,,,,,,,,,,,,,,,,,,,,,,,,,,,,,
7,F,11,0.64,51,34.94072898,12.95347222,,,,,,,,,,,,,,,,,,,,,,,,,,,,,,,,
7,G,11,0.77,46,29.54693866,15.15194444,,,,,,,,,,,,,,,,,,,,,,,,,,,,,,,,
7,H,11,0.94,48,32.95314834,15.55041667,,,,,,,,,,,,,,,,,,,,,,,,,,,,,,,,
7,A,12,0.94,0,NA,NA,,,,,,,,,,,,,,,,,,,,,,,,,,,,,,,,
7,B,12,0.77,44,29.36556771,11.74736111,,,,,,,,,,,,,,,,,,,,,,,,,,,,,,,,
7,C,12,0.64,31,36.87177739,12.34583333,,,,,,,,,,,,,,,,,,,,,,,,,,,,,,,,
7,D,12,0.77,45,44.77798708,13.44430556,,,,,,,,,,,,,,,,,,,,,,,,,,,,,,,,
7,E,12,0.87,41,39.68419676,12.94277778,,,,,,,,,,,,,,,,,,,,,,,,,,,,,,,,
7,F,12,0.77,38,38.39040644,12.94125,,,,,,,,,,,,,,,,,,,,,,,,,,,,,,,,
7,G,12,0.77,49,33.99661613,13.13972222,,,,,,,,,,,,,,,,,,,,,,,,,,,,,,,,
7,H,12,0.5,27,33.50282581,13.93819444,,,,,,,,,,,,,,,,,,,,,,,,,,,,,,,,
7,A,13,1,0,NA,NA,,,,,,,,,,,,,,,,,,,,,,,,,,,,,,,,
7,B,13,0.98,0,36.78398174,16.03513889,,,,,,,,,,,,,,,,,,,,,,,,,,,,,,,,
7,C,13,1,32,38.92145486,16.83361111,,,,,,,,,,,,,,,,,,,,,,,,,,,,,,,,
7,D,13,1,46,40.82766454,14.93208333,,,,,,,,,,,,,,,,,,,,,,,,,,,,,,,,
7,E,13,0.87,51,42.23387422,13.33055556,,,,,,,,,,,,,,,,,,,,,,,,,,,,,,,,
7,F,13,0.77,40,38.74008391,13.22902778,,,,,,,,,,,,,,,,,,,,,,,,,,,,,,,,
7,G,13,0.34,51,34.24629359,13.3275,,,,,,,,,,,,,,,,,,,,,,,,,,,,,,,,
7,H,13,0.87,38,32.55250327,13.22597222,,,,,,,,,,,,,,,,,,,,,,,,,,,,,,,,
7,A,14,0.87,41,42.35871296,12.92444444,,,,,,,,,,,,,,,,,,,,,,,,,,,,,,,,
7,B,14,0.77,40,42.06492264,13.02291667,,,,,,,,,,,,,,,,,,,,,,,,,,,,,,,,
7,C,14,0.64,47,40.47113232,12.52138889,,,,,,,,,,,,,,,,,,,,,,,,,,,,,,,,
7,D,14,0.5,50,42.87734201,12.91986111,,,,,,,,,,,,,,,,,,,,,,,,,,,,,,,,
7,E,14,0.77,41,43.28355169,12.91833333,,,,,,,,,,,,,,,,,,,,,,,,,,,,,,,,
7,F,14,0.5,43,37.68976137,12.51680556,,,,,,,,,,,,,,,,,,,,,,,,,,,,,,,,
7,G,14,0.5,36,34.09597106,13.21527778,,,,,,,,,,,,,,,,,,,,,,,,,,,,,,,,
7,H,14,0.64,37,31.80218074,12.31375,,,,,,,,,,,,,,,,,,,,,,,,,,,,,,,,
7,A,15,1,34,38.50839042,5.712222222,,,,,,,,,,,,,,,,,,,,,,,,,,,,,,,,
7,B,15,0.94,39,43.21460011,13.41069444,,,,,,,,,,,,,,,,,,,,,,,,,,,,,,,,
7,C,15,0.87,32,39.72080979,13.90916667,,,,,,,,,,,,,,,,,,,,,,,,,,,,,,,,
7,D,15,0.94,48,40.92701947,12.80763889,,,,,,,,,,,,,,,,,,,,,,,,,,,,,,,,
7,E,15,0.87,40,39.13322916,13.90611111,,,,,,,,,,,,,,,,,,,,,,,,,,,,,,,,
7,F,15,-0.17,41,36.03943884,14.80458333,,,,,,,,,,,,,,,,,,,,,,,,,,,,,,,,
7,G,15,0,31,33.94564852,13.40305556,,,,,,,,,,,,,,,,,,,,,,,,,,,,,,,,
7,H,15,0.5,31,28.3518582,14.50152778,,,,,,,,,,,,,,,,,,,,,,,,,,,,,,,,
7,A,16,0.98,38,41.15806789,12.7,,,,,,,,,,,,,,,,,,,,,,,,,,,,,,,,
7,B,16,0,40,42.86427757,12.59847222,,,,,,,,,,,,,,,,,,,,,,,,,,,,,,,,
7,C,16,0.34,39,41.87048725,13.49694444,,,,,,,,,,,,,,,,,,,,,,,,,,,,,,,,
7,D,16,0.5,48,39.87669694,12.79541667,,,,,,,,,,,,,,,,,,,,,,,,,,,,,,,,
7,E,16,0.17,39,34.68290662,13.69388889,,,,,,,,,,,,,,,,,,,,,,,,,,,,,,,,
7,F,16,-0.64,44,30.5891163,14.79236111,,,,,,,,,,,,,,,,,,,,,,,,,,,,,,,,
7,G,16,0.17,40,33.69532599,14.19083333,,,,,,,,,,,,,,,,,,,,,,,,,,,,,,,,
7,H,16,-0.5,28,26.59946578,14.38930556,,,,,,,,,,,,,,,,,,,,,,,,,,,,,,,,
7,A,17,-0.34,49,43.80774535,12.68777778,,,,,,,,,,,,,,,,,,,,,,,,,,,,,,,,
7,B,17,-0.64,48,44.51395504,12.48625,,,,,,,,,,,,,,,,,,,,,,,,,,,,,,,,
7,C,17,-0.77,51,41.52016472,12.98472222,,,,,,,,,,,,,,,,,,,,,,,,,,,,,,,,
7,D,17,-0.64,32,36.6263744,12.58319444,,,,,,,,,,,,,,,,,,,,,,,,,,,,,,,,
7,E,17,-0.87,45,34.53258409,13.38166667,,,,,,,,,,,,,,,,,,,,,,,,,,,,,,,,
7,F,17,-0.94,39,34.83879377,13.28013889,,,,,,,,,,,,,,,,,,,,,,,,,,,,,,,,
7,G,17,0.5,37,30.84500345,14.97861111,,,,,,,,,,,,,,,,,,,,,,,,,,,,,,,,
7,H,17,0.98,10,21.70153567,16.27708333,,,,,,,,,,,,,,,,,,,,,,,,,,,,,,,,
7,A,18,0.93,42,41.45742282,13.37555556,,,,,,,,,,,,,,,,,,,,,,,,,,,,,,,,
7,B,18,-0.77,41,41.0636325,14.37402778,,,,,,,,,,,,,,,,,,,,,,,,,,,,,,,,
7,C,18,-0.64,38,40.76984218,14.3725,,,,,,,,,,,,,,,,,,,,,,,,,,,,,,,,
7,D,18,-0.98,49,33.77605187,15.17097222,,,,,,,,,,,,,,,,,,,,,,,,,,,,,,,,
7,E,18,-0.77,43,29.48226155,14.86944444,,,,,,,,,,,,,,,,,,,,,,,,,,,,,,,,
7,F,18,-0.5,40,34.58847123,15.36791667,,,,,,,,,,,,,,,,,,,,,,,,,,,,,,,,
7,G,18,-0.94,41,25.29468092,15.36638889,,,,,,,,,,,,,,,,,,,,,,,,,,,,,,,,
7,H,18,-0.87,0,NA,NA,,,,,,,,,,,,,,,,,,,,,,,,,,,,,,,,
7,A,19,-0.87,41,40.50710028,13.66333333,,,,,,,,,,,,,,,,,,,,,,,,,,,,,,,,
7,B,19,-0.87,49,41.31330997,13.66180556,,,,,,,,,,,,,,,,,,,,,,,,,,,,,,,,
7,C,19,-0.64,40,42.11951965,13.56027778,,,,,,,,,,,,,,,,,,,,,,,,,,,,,,,,
7,D,19,-0.98,45,28.12572933,12.85875,,,,,,,,,,,,,,,,,,,,,,,,,,,,,,,,
7,E,19,-0.77,35,34.83193902,13.45722222,,,,,,,,,,,,,,,,,,,,,,,,,,,,,,,,
7,F,19,-0.64,18,33.3381487,14.35569444,,,,,,,,,,,,,,,,,,,,,,,,,,,,,,,,
7,G,19,-0.98,0,24.74228849,16.75416667,,,,,,,,,,,,,,,,,,,,,,,,,,,,,,,,
7,H,19,-0.87,0,NA,NA,,,,,,,,,,,,,,,,,,,,,,,,,,,,,,,,
7,A,20,-1,38,41.05677775,13.65111111,,,,,,,,,,,,,,,,,,,,,,,,,,,,,,,,
7,B,20,-0.98,40,41.86298743,13.34958333,,,,,,,,,,,,,,,,,,,,,,,,,,,,,,,,
7,C,20,-0.94,52,39.86919711,13.74805556,,,,,,,,,,,,,,,,,,,,,,,,,,,,,,,,
7,D,20,-0.98,48,34.1754068,13.54652778,,,,,,,,,,,,,,,,,,,,,,,,,,,,,,,,
7,E,20,-0.5,27,36.28161648,14.845,,,,,,,,,,,,,,,,,,,,,,,,,,,,,,,,
7,F,20,-0.34,41,37.18782616,16.24347222,,,,,,,,,,,,,,,,,,,,,,,,,,,,,,,,
7,G,20,-0.87,0,35.99716689,16.74194444,,,,,,,,,,,,,,,,,,,,,,,,,,,,,,,,
7,H,20,-0.87,0,NA,NA,,,,,,,,,,,,,,,,,,,,,,,,,,,,,,,,
8,A,1,0.5,23,50.31613061,15.07777778,,,,,,,,,,,,,,,,,,,,,,,,,,,,,,,,
8,B,1,0.98,37,52.3233282,15.46803819,,,,,,,,,,,,,,,,,,,,,,,,,,,,,,,,
8,C,1,0.98,47,50.53052579,15.15829861,,,,,,,,,,,,,,,,,,,,,,,,,,,,,,,,
8,D,1,0.98,43,49.93772338,15.34855903,,,,,,,,,,,,,,,,,,,,,,,,,,,,,,,,
8,E,1,0.94,49,54.64492096,14.93881944,,,,,,,,,,,,,,,,,,,,,,,,,,,,,,,,
8,F,1,0.87,30,48.15211855,14.32907986,,,,,,,,,,,,,,,,,,,,,,,,,,,,,,,,
8,G,1,0.94,36,53.15931614,14.61934028,,,,,,,,,,,,,,,,,,,,,,,,,,,,,,,,
8,H,1,0.98,43,54.96651372,14.30960069,,,,,,,,,,,,,,,,,,,,,,,,,,,,,,,,
8,A,2,0.64,36,43.57371131,14.89986111,,,,,,,,,,,,,,,,,,,,,,,,,,,,,,,,
8,B,2,0.98,55,51.5809089,14.39012153,,,,,,,,,,,,,,,,,,,,,,,,,,,,,,,,
8,C,2,1,53,53.08810649,14.68038194,,,,,,,,,,,,,,,,,,,,,,,,,,,,,,,,
8,D,2,0.98,62,53.19530407,14.87064236,,,,,,,,,,,,,,,,,,,,,,,,,,,,,,,,
8,E,2,1,60,56.50250166,14.56090278,,,,,,,,,,,,,,,,,,,,,,,,,,,,,,,,
8,F,2,1,59,51.90969925,14.55116319,,,,,,,,,,,,,,,,,,,,,,,,,,,,,,,,
8,G,2,1,63,50.81689684,14.34142361,,,,,,,,,,,,,,,,,,,,,,,,,,,,,,,,
8,H,2,0.98,77,49.62409442,14.13168403,,,,,,,,,,,,,,,,,,,,,,,,,,,,,,,,
8,A,3,0.98,44,45.63129201,14.32194444,,,,,,,,,,,,,,,,,,,,,,,,,,,,,,,,
8,B,3,0.94,81,48.5384896,14.31220486,,,,,,,,,,,,,,,,,,,,,,,,,,,,,,,,
8,C,3,1,50,49.44568718,14.70246528,,,,,,,,,,,,,,,,,,,,,,,,,,,,,,,,
8,D,3,0.98,50,52.65288477,14.09272569,,,,,,,,,,,,,,,,,,,,,,,,,,,,,,,,
8,E,3,0.98,45,55.26008236,14.68298611,,,,,,,,,,,,,,,,,,,,,,,,,,,,,,,,
8,F,3,0.97,55,55.46727995,13.87324653,,,,,,,,,,,,,,,,,,,,,,,,,,,,,,,,
8,G,3,1,40,51.97447753,13.86350694,,,,,,,,,,,,,,,,,,,,,,,,,,,,,,,,
8,H,3,1,46,42.68167512,13.95376736,,,,,,,,,,,,,,,,,,,,,,,,,,,,,,,,
8,A,4,0.98,46,44.68887271,14.24402778,,,,,,,,,,,,,,,,,,,,,,,,,,,,,,,,
8,B,4,1,62,50.9960703,14.03428819,,,,,,,,,,,,,,,,,,,,,,,,,,,,,,,,
8,C,4,0.98,51,50.70326788,14.32454861,,,,,,,,,,,,,,,,,,,,,,,,,,,,,,,,
8,D,4,0.94,57,51.21046547,14.01480903,,,,,,,,,,,,,,,,,,,,,,,,,,,,,,,,
8,E,4,0.87,44,51.61766306,14.10506944,,,,,,,,,,,,,,,,,,,,,,,,,,,,,,,,
8,F,4,0.98,47,54.32486065,14.79532986,,,,,,,,,,,,,,,,,,,,,,,,,,,,,,,,
8,G,4,1,54,49.63205823,14.38559028,,,,,,,,,,,,,,,,,,,,,,,,,,,,,,,,
8,H,4,1,49,50.73925582,14.77585069,,,,,,,,,,,,,,,,,,,,,,,,,,,,,,,,
8,A,5,0.87,48,48.74645341,14.26611111,,,,,,,,,,,,,,,,,,,,,,,,,,,,,,,,
8,B,5,0.94,47,52.05365099,15.05637153,,,,,,,,,,,,,,,,,,,,,,,,,,,,,,,,
8,C,5,0.94,55,47.66084858,14.64663194,,,,,,,,,,,,,,,,,,,,,,,,,,,,,,,,
8,D,5,0.98,65,61.36804617,14.33689236,,,,,,,,,,,,,,,,,,,,,,,,,,,,,,,,
8,E,5,0.98,46,52.57524376,13.82715278,,,,,,,,,,,,,,,,,,,,,,,,,,,,,,,,
8,F,5,1,29,47.48244134,14.11741319,,,,,,,,,,,,,,,,,,,,,,,,,,,,,,,,
8,G,5,0.98,32,45.18963893,14.10767361,,,,,,,,,,,,,,,,,,,,,,,,,,,,,,,,
8,H,5,0.97,39,46.69683652,14.49793403,,,,,,,,,,,,,,,,,,,,,,,,,,,,,,,,
8,A,6,1,42,31.80403411,15.98819444,,,,,,,,,,,,,,,,,,,,,,,,,,,,,,,,
8,B,6,1,47,38.21123169,13.67845486,,,,,,,,,,,,,,,,,,,,,,,,,,,,,,,,
8,C,6,0.87,51,44.71842928,13.76871528,,,,,,,,,,,,,,,,,,,,,,,,,,,,,,,,
8,D,6,0.94,54,48.22562687,14.05897569,,,,,,,,,,,,,,,,,,,,,,,,,,,,,,,,
8,E,6,0.94,52,54.33282445,14.24923611,,,,,,,,,,,,,,,,,,,,,,,,,,,,,,,,
8,F,6,1,37,NA,NA,,,,,,,,,,,,,,,,,,,,,,,,,,,,,,,,
8,G,6,1,72,45.44721963,14.32975694,,,,,,,,,,,,,,,,,,,,,,,,,,,,,,,,
8,H,6,0.98,67,44.15441722,13.82001736,,,,,,,,,,,,,,,,,,,,,,,,,,,,,,,,
8,A,7,1,0,NA,NA,,,,,,,,,,,,,,,,,,,,,,,,,,,,,,,,
8,B,7,1,45,39.06881239,13.80053819,,,,,,,,,,,,,,,,,,,,,,,,,,,,,,,,
8,C,7,0.94,40,32.87600998,13.89079861,,,,,,,,,,,,,,,,,,,,,,,,,,,,,,,,
8,D,7,-0.87,33,43.38320757,14.18105903,,,,,,,,,,,,,,,,,,,,,,,,,,,,,,,,
8,E,7,0.98,52,46.19040515,14.57131944,,,,,,,,,,,,,,,,,,,,,,,,,,,,,,,,
8,F,7,1,48,42.19760274,14.26157986,,,,,,,,,,,,,,,,,,,,,,,,,,,,,,,,
8,G,7,1,47,48.10480033,13.95184028,,,,,,,,,,,,,,,,,,,,,,,,,,,,,,,,
8,H,7,1,61,40.51199791,13.84210069,,,,,,,,,,,,,,,,,,,,,,,,,,,,,,,,
8,A,8,0.98,0,NA,NA,,,,,,,,,,,,,,,,,,,,,,,,,,,,,,,,
8,B,8,0.94,46,33.52639309,13.52262153,,,,,,,,,,,,,,,,,,,,,,,,,,,,,,,,
8,C,8,0.98,64,37.23359068,14.41288194,,,,,,,,,,,,,,,,,,,,,,,,,,,,,,,,
8,D,8,1,57,40.84078826,14.50314236,,,,,,,,,,,,,,,,,,,,,,,,,,,,,,,,
8,E,8,0.94,59,38.04798585,13.89340278,,,,,,,,,,,,,,,,,,,,,,,,,,,,,,,,
8,F,8,0.94,46,42.75518344,13.98366319,,,,,,,,,,,,,,,,,,,,,,,,,,,,,,,,
8,G,8,0.97,45,43.76238103,13.97392361,,,,,,,,,,,,,,,,,,,,,,,,,,,,,,,,
8,H,8,1,40,41.66957861,13.16418403,,,,,,,,,,,,,,,,,,,,,,,,,,,,,,,,
8,A,9,0.94,0,NA,NA,,,,,,,,,,,,,,,,,,,,,,,,,,,,,,,,
8,B,9,0.77,57,32.28397379,12.84470486,,,,,,,,,,,,,,,,,,,,,,,,,,,,,,,,
8,C,9,0.94,52,38.59117137,14.23496528,,,,,,,,,,,,,,,,,,,,,,,,,,,,,,,,
8,D,9,0.64,54,44.59836896,14.62522569,,,,,,,,,,,,,,,,,,,,,,,,,,,,,,,,
8,E,9,1,54,41.60556655,14.21548611,,,,,,,,,,,,,,,,,,,,,,,,,,,,,,,,
8,F,9,0.98,49,48.51276414,14.70574653,,,,,,,,,,,,,,,,,,,,,,,,,,,,,,,,
8,G,9,1,46,46.61996172,14.59600694,,,,,,,,,,,,,,,,,,,,,,,,,,,,,,,,
8,H,9,1,44,45.52715931,13.78626736,,,,,,,,,,,,,,,,,,,,,,,,,,,,,,,,
8,A,10,0.87,22,NA,NA,,,,,,,,,,,,,,,,,,,,,,,,,,,,,,,,
8,B,10,0.94,37,24.24155449,14.36678819,,,,,,,,,,,,,,,,,,,,,,,,,,,,,,,,
8,C,10,0.98,54,37.94875207,14.45704861,,,,,,,,,,,,,,,,,,,,,,,,,,,,,,,,
8,D,10,1,48,39.95594966,14.44730903,,,,,,,,,,,,,,,,,,,,,,,,,,,,,,,,
8,E,10,1,45,44.06314725,14.73756944,,,,,,,,,,,,,,,,,,,,,,,,,,,,,,,,
8,F,10,1,49,44.87034483,14.62782986,,,,,,,,,,,,,,,,,,,,,,,,,,,,,,,,
8,G,10,1,47,45.87754242,13.91809028,,,,,,,,,,,,,,,,,,,,,,,,,,,,,,,,
8,H,10,0.98,49,42.28474001,14.20835069,,,,,,,,,,,,,,,,,,,,,,,,,,,,,,,,
8,A,11,0.94,18,NA,NA,,,,,,,,,,,,,,,,,,,,,,,,,,,,,,,,
8,B,11,-0.77,45,42.39913518,13.28887153,,,,,,,,,,,,,,,,,,,,,,,,,,,,,,,,
8,C,11,0.94,35,40.60633277,13.77913194,,,,,,,,,,,,,,,,,,,,,,,,,,,,,,,,
8,D,11,0.94,39,39.71353036,13.86939236,,,,,,,,,,,,,,,,,,,,,,,,,,,,,,,,
8,E,11,0.98,43,47.02072795,14.05965278,,,,,,,,,,,,,,,,,,,,,,,,,,,,,,,,
8,F,11,0.98,40,45.62792553,14.64991319,,,,,,,,,,,,,,,,,,,,,,,,,,,,,,,,
8,G,11,1,53,45.53512312,14.84017361,,,,,,,,,,,,,,,,,,,,,,,,,,,,,,,,
8,H,11,0.98,41,43.14232071,14.63043403,,,,,,,,,,,,,,,,,,,,,,,,,,,,,,,,
8,A,12,0.94,32,33.34951829,13.12069444,,,,,,,,,,,,,,,,,,,,,,,,,,,,,,,,
8,B,12,0.94,37,40.55671588,14.01095486,,,,,,,,,,,,,,,,,,,,,,,,,,,,,,,,
8,C,12,0.98,37,41.46391347,14.40121528,,,,,,,,,,,,,,,,,,,,,,,,,,,,,,,,
8,D,12,1,42,43.67111106,14.49147569,,,,,,,,,,,,,,,,,,,,,,,,,,,,,,,,
8,E,12,0.98,53,41.37830864,14.18173611,,,,,,,,,,,,,,,,,,,,,,,,,,,,,,,,
8,F,12,0.98,29,38.88550623,14.77199653,,,,,,,,,,,,,,,,,,,,,,,,,,,,,,,,
8,G,12,0.98,53,49.19270382,15.06225694,,,,,,,,,,,,,,,,,,,,,,,,,,,,,,,,
8,H,12,0.98,34,49.89990141,14.75251736,,,,,,,,,,,,,,,,,,,,,,,,,,,,,,,,
8,A,13,0.87,29,43.50709899,14.44277778,,,,,,,,,,,,,,,,,,,,,,,,,,,,,,,,
8,B,13,0.94,19,39.71429658,14.23303819,,,,,,,,,,,,,,,,,,,,,,,,,,,,,,,,
8,C,13,0.94,28,44.02149417,13.62329861,,,,,,,,,,,,,,,,,,,,,,,,,,,,,,,,
8,D,13,1,48,46.62869175,14.41355903,,,,,,,,,,,,,,,,,,,,,,,,,,,,,,,,
8,E,13,1,37,45.03588934,14.70381944,,,,,,,,,,,,,,,,,,,,,,,,,,,,,,,,
8,F,13,1,22,43.74308693,14.29407986,,,,,,,,,,,,,,,,,,,,,,,,,,,,,,,,
8,G,13,1,28,43.05028452,15.98434028,,,,,,,,,,,,,,,,,,,,,,,,,,,,,,,,
8,H,13,1,37,47.9574821,14.87460069,,,,,,,,,,,,,,,,,,,,,,,,,,,,,,,,
8,A,14,0.98,36,45.56467969,15.56486111,,,,,,,,,,,,,,,,,,,,,,,,,,,,,,,,
8,B,14,0.94,23,39.27187728,13.95512153,,,,,,,,,,,,,,,,,,,,,,,,,,,,,,,,
8,C,14,0.98,26,41.97907487,14.24538194,,,,,,,,,,,,,,,,,,,,,,,,,,,,,,,,
8,D,14,1,38,43.58627245,14.23564236,,,,,,,,,,,,,,,,,,,,,,,,,,,,,,,,
8,E,14,1,24,46.09347004,14.92590278,,,,,,,,,,,,,,,,,,,,,,,,,,,,,,,,
8,F,14,1,43,44.60066763,15.21616319,,,,,,,,,,,,,,,,,,,,,,,,,,,,,,,,
8,G,14,0.98,21,48.70786521,14.50642361,,,,,,,,,,,,,,,,,,,,,,,,,,,,,,,,
8,H,14,0.98,32,50.2150628,14.59668403,,,,,,,,,,,,,,,,,,,,,,,,,,,,,,,,
8,A,15,0.87,30,46.42226039,14.28694444,,,,,,,,,,,,,,,,,,,,,,,,,,,,,,,,
8,B,15,0.98,25,47.42945798,13.67720486,,,,,,,,,,,,,,,,,,,,,,,,,,,,,,,,
8,C,15,1,25,43.83665556,14.16746528,,,,,,,,,,,,,,,,,,,,,,,,,,,,,,,,
8,D,15,1,24,46.74385315,13.35772569,,,,,,,,,,,,,,,,,,,,,,,,,,,,,,,,
8,E,15,0.98,43,51.15105074,14.14798611,,,,,,,,,,,,,,,,,,,,,,,,,,,,,,,,
8,F,15,0.98,22,40.85824833,13.73824653,,,,,,,,,,,,,,,,,,,,,,,,,,,,,,,,
8,G,15,1,23,49.56544591,14.02850694,,,,,,,,,,,,,,,,,,,,,,,,,,,,,,,,
8,H,15,1,37,52.3726435,14.51876736,,,,,,,,,,,,,,,,,,,,,,,,,,,,,,,,
8,A,16,1,42,51.37984109,14.30902778,,,,,,,,,,,,,,,,,,,,,,,,,,,,,,,,
8,B,16,0.94,17,37.68703867,14.39928819,,,,,,,,,,,,,,,,,,,,,,,,,,,,,,,,
8,C,16,1,26,45.29423626,13.38954861,,,,,,,,,,,,,,,,,,,,,,,,,,,,,,,,
8,D,16,0.94,27,47.50143385,13.67980903,,,,,,,,,,,,,,,,,,,,,,,,,,,,,,,,
8,E,16,0.94,27,52.70863144,13.47006944,,,,,,,,,,,,,,,,,,,,,,,,,,,,,,,,
8,F,16,0.94,30,44.91582902,13.76032986,,,,,,,,,,,,,,,,,,,,,,,,,,,,,,,,
8,G,16,0.91,28,50.72302661,14.45059028,,,,,,,,,,,,,,,,,,,,,,,,,,,,,,,,
8,H,16,0.87,21,49.3302242,14.44085069,,,,,,,,,,,,,,,,,,,,,,,,,,,,,,,,
8,A,17,0.87,53,52.13742179,13.53111111,,,,,,,,,,,,,,,,,,,,,,,,,,,,,,,,
8,B,17,1,38,49.04461937,14.22137153,,,,,,,,,,,,,,,,,,,,,,,,,,,,,,,,
8,C,17,0.98,28,38.55181696,14.11163194,,,,,,,,,,,,,,,,,,,,,,,,,,,,,,,,
8,D,17,0.98,29,51.25901455,14.10189236,,,,,,,,,,,,,,,,,,,,,,,,,,,,,,,,
8,E,17,0.98,40,52.46621213,14.19215278,,,,,,,,,,,,,,,,,,,,,,,,,,,,,,,,
8,F,17,0.94,34,45.77340972,13.88241319,,,,,,,,,,,,,,,,,,,,,,,,,,,,,,,,
8,G,17,0.91,25,43.28060731,13.57267361,,,,,,,,,,,,,,,,,,,,,,,,,,,,,,,,
8,H,17,0.77,22,41.4878049,13.76293403,,,,,,,,,,,,,,,,,,,,,,,,,,,,,,,,
8,A,18,1,51,48.99500248,13.85319444,,,,,,,,,,,,,,,,,,,,,,,,,,,,,,,,
8,B,18,0.98,34,52.30220007,13.14345486,,,,,,,,,,,,,,,,,,,,,,,,,,,,,,,,
8,C,18,0.98,40,49.70939766,12.83371528,,,,,,,,,,,,,,,,,,,,,,,,,,,,,,,,
8,D,18,-0.87,30,50.71659525,13.52397569,,,,,,,,,,,,,,,,,,,,,,,,,,,,,,,,
8,E,18,1,33,50.82379283,13.31423611,,,,,,,,,,,,,,,,,,,,,,,,,,,,,,,,
8,F,18,0.98,33,52.53099042,13.60449653,,,,,,,,,,,,,,,,,,,,,,,,,,,,,,,,
8,G,18,0.98,22,42.23818801,13.39475694,,,,,,,,,,,,,,,,,,,,,,,,,,,,,,,,
8,H,18,0.98,28,30.74538559,13.58501736,,,,,,,,,,,,,,,,,,,,,,,,,,,,,,,,
8,A,19,0.98,36,43.85258318,13.17527778,,,,,,,,,,,,,,,,,,,,,,,,,,,,,,,,
8,B,19,0.94,24,48.95978077,13.46553819,,,,,,,,,,,,,,,,,,,,,,,,,,,,,,,,
8,C,19,0.94,29,51.26697836,13.05579861,,,,,,,,,,,,,,,,,,,,,,,,,,,,,,,,
8,D,19,0.98,35,50.07417594,13.04605903,,,,,,,,,,,,,,,,,,,,,,,,,,,,,,,,
8,E,19,0.98,29,45.08137353,12.93631944,,,,,,,,,,,,,,,,,,,,,,,,,,,,,,,,
8,F,19,1,25,49.48857112,12.02657986,,,,,,,,,,,,,,,,,,,,,,,,,,,,,,,,
8,G,19,1,0,24.79576871,15.81684028,,,,,,,,,,,,,,,,,,,,,,,,,,,,,,,,
8,H,19,1,12,28.50296629,12.90710069,,,,,,,,,,,,,,,,,,,,,,,,,,,,,,,,
8,A,20,0.98,33,43.91016388,14.49736111,,,,,,,,,,,,,,,,,,,,,,,,,,,,,,,,
8,B,20,1,28,48.81736147,14.68762153,,,,,,,,,,,,,,,,,,,,,,,,,,,,,,,,
8,C,20,0.87,27,49.62455905,14.37788194,,,,,,,,,,,,,,,,,,,,,,,,,,,,,,,,
8,D,20,1,31,49.53175664,13.56814236,,,,,,,,,,,,,,,,,,,,,,,,,,,,,,,,
8,E,20,1,30,49.03895423,13.05840278,,,,,,,,,,,,,,,,,,,,,,,,,,,,,,,,
8,F,20,0.98,38,50.34615182,12.64866319,,,,,,,,,,,,,,,,,,,,,,,,,,,,,,,,
8,G,20,1,36,51.6533494,13.03892361,,,,,,,,,,,,,,,,,,,,,,,,,,,,,,,,
8,H,20,-0.17,33,45.16774458,12.91944444,,,,,,,,,,,,,,,,,,,,,,,,,,,,,,,,
